RecordID,Country,Gender,Age,Question Type,Value
1,Afghanistan,F,15-24,1,17.3
1,Afghanistan,F,25-34,1,18.2
1,Afghanistan,F,35-49,1,18.8
1,Afghanistan,M,25-34,1,8.2
1,Afghanistan,M,35-49,1,8.6
1,Afghanistan,M,15-24,1,9.4
351,Afghanistan,F,15-24,2,80.1
351,Afghanistan,F,25-34,2,81.5
351,Afghanistan,F,35-49,2,79.0
71,Afghanistan,F,15-24,3,57.5
71,Afghanistan,F,25-34,3,60.0
71,Afghanistan,F,35-49,3,59.8
141,Afghanistan,F,15-24,4,67.7
141,Afghanistan,F,25-34,4,68.5
141,Afghanistan,F,35-49,4,64.7
211,Afghanistan,F,15-24,5,46.5
211,Afghanistan,F,25-34,5,50.2
211,Afghanistan,F,35-49,5,48.1
281,Afghanistan,F,15-24,6,32.1
281,Afghanistan,F,25-34,6,34.3
281,Afghanistan,F,35-49,6,33.5
351,Afghanistan,M,15-24,2,74.1
351,Afghanistan,M,25-34,2,70.5
351,Afghanistan,M,35-49,2,73.6
71,Afghanistan,M,15-24,3,44.4
71,Afghanistan,M,25-34,3,44.6
71,Afghanistan,M,35-49,3,46.6
141,Afghanistan,M,15-24,4,63.3
141,Afghanistan,M,25-34,4,60.4
141,Afghanistan,M,35-49,4,61.0
211,Afghanistan,M,15-24,5,24.8
211,Afghanistan,M,25-34,5,27.0
211,Afghanistan,M,35-49,5,25.7
281,Afghanistan,M,15-24,6,21.3
281,Afghanistan,M,25-34,6,18.5
281,Afghanistan,M,35-49,6,20.1
2,Albania,F,15-24,1,0.6
2,Albania,F,25-34,1,0.8
2,Albania,F,35-49,1,1.0
2,Albania,M,25-34,1,0.2
2,Albania,M,35-49,1,0.4
2,Albania,M,15-24,1,0.9
352,Albania,F,15-24,2,4.7
352,Albania,F,25-34,2,6.9
352,Albania,F,35-49,2,8.2
72,Albania,F,15-24,3,1.0
72,Albania,F,25-34,3,1.7
72,Albania,F,35-49,3,2.4
142,Albania,F,15-24,4,2.0
142,Albania,F,25-34,4,3.7
142,Albania,F,35-49,4,4.8
212,Albania,F,15-24,5,3.5
212,Albania,F,25-34,5,5.4
212,Albania,F,35-49,5,6.3
282,Albania,F,15-24,6,0.6
282,Albania,F,25-34,6,1.1
282,Albania,F,35-49,6,1.0
352,Albania,M,15-24,2,10.9
352,Albania,M,25-34,2,11.3
352,Albania,M,35-49,2,11.8
72,Albania,M,15-24,3,4.4
72,Albania,M,25-34,3,3.5
72,Albania,M,35-49,3,4.2
142,Albania,M,15-24,4,5.3
142,Albania,M,25-34,4,6.1
142,Albania,M,35-49,4,7.8
212,Albania,M,15-24,5,7.1
212,Albania,M,25-34,5,8.6
212,Albania,M,35-49,5,8.3
282,Albania,M,15-24,6,3.0
282,Albania,M,25-34,6,2.5
282,Albania,M,35-49,6,1.1
3,Angola,F,25-34,1,10.0
3,Angola,F,15-24,1,10.6
3,Angola,F,35-49,1,11.0
3,Angola,M,35-49,1,3.7
3,Angola,M,25-34,1,5.3
3,Angola,M,15-24,1,7.7
353,Angola,F,15-24,2,24.9
353,Angola,F,25-34,2,24.4
353,Angola,F,35-49,2,26.6
73,Angola,F,15-24,3,14.9
73,Angola,F,25-34,3,14.1
73,Angola,F,35-49,3,17.1
143,Angola,F,15-24,4,13.8
143,Angola,F,25-34,4,14.0
143,Angola,F,35-49,4,16.3
213,Angola,F,15-24,5,16.5
213,Angola,F,25-34,5,15.6
213,Angola,F,35-49,5,16.7
283,Angola,F,15-24,6,10.0
283,Angola,F,25-34,6,11.6
283,Angola,F,35-49,6,14.0
353,Angola,M,15-24,2,23.4
353,Angola,M,25-34,2,18.5
353,Angola,M,35-49,2,15.7
73,Angola,M,15-24,3,12.6
73,Angola,M,25-34,3,10.6
73,Angola,M,35-49,3,7.7
143,Angola,M,15-24,4,8.9
143,Angola,M,25-34,4,8.1
143,Angola,M,35-49,4,7.0
213,Angola,M,15-24,5,13.5
213,Angola,M,25-34,5,10.7
213,Angola,M,35-49,5,9.3
283,Angola,M,15-24,6,6.3
283,Angola,M,25-34,6,5.5
283,Angola,M,35-49,6,4.4
4,Armenia,F,15-24,1,0.3
4,Armenia,F,25-34,1,0.4
4,Armenia,F,35-49,1,0.4
4,Armenia,M,15-24,1,0.7
4,Armenia,M,25-34,1,0.7
4,Armenia,M,35-49,1,0.7
354,Armenia,F,15-24,2,8.7
354,Armenia,F,25-34,2,10.4
354,Armenia,F,35-49,2,10.8
74,Armenia,F,15-24,3,5.1
74,Armenia,F,25-34,3,6.4
74,Armenia,F,35-49,3,6.5
144,Armenia,F,15-24,4,4.7
144,Armenia,F,25-34,4,5.5
144,Armenia,F,35-49,4,5.3
214,Armenia,F,15-24,5,7.1
214,Armenia,F,25-34,5,8.9
214,Armenia,F,35-49,5,9.4
284,Armenia,F,15-24,6,0.6
284,Armenia,F,25-34,6,0.9
284,Armenia,F,35-49,6,0.8
354,Armenia,M,15-24,2,24.3
354,Armenia,M,25-34,2,23.0
354,Armenia,M,35-49,2,20.9
74,Armenia,M,15-24,3,15.6
74,Armenia,M,25-34,3,16.8
74,Armenia,M,35-49,3,15.9
144,Armenia,M,15-24,4,13.8
144,Armenia,M,25-34,4,10.5
144,Armenia,M,35-49,4,11.1
214,Armenia,M,15-24,5,18.9
214,Armenia,M,25-34,5,16.6
214,Armenia,M,35-49,5,16.4
284,Armenia,M,15-24,6,1.0
284,Armenia,M,25-34,6,1.4
284,Armenia,M,35-49,6,2.3
5,Azerbaijan,F,15-24,1,10.7
5,Azerbaijan,F,25-34,1,12.8
5,Azerbaijan,F,35-49,1,12.9
5,Azerbaijan,M,25-34,1,5.5
5,Azerbaijan,M,35-49,1,6.0
5,Azerbaijan,M,15-24,1,9.4
355,Azerbaijan,F,15-24,2,43.7
355,Azerbaijan,F,25-34,2,52.0
355,Azerbaijan,F,35-49,2,51.5
75,Azerbaijan,F,15-24,3,27.9
75,Azerbaijan,F,25-34,3,33.2
75,Azerbaijan,F,35-49,3,32.9
145,Azerbaijan,F,15-24,4,36.9
145,Azerbaijan,F,25-34,4,46.1
145,Azerbaijan,F,35-49,4,44.9
215,Azerbaijan,F,15-24,5,30.9
215,Azerbaijan,F,25-34,5,35.8
215,Azerbaijan,F,35-49,5,36.9
285,Azerbaijan,F,15-24,6,11.7
285,Azerbaijan,F,25-34,6,15.3
285,Azerbaijan,F,35-49,6,15.6
355,Azerbaijan,M,15-24,2,63.5
355,Azerbaijan,M,25-34,2,58.9
355,Azerbaijan,M,35-49,2,53.9
75,Azerbaijan,M,15-24,3,55.8
75,Azerbaijan,M,25-34,3,53.1
75,Azerbaijan,M,35-49,3,47.6
145,Azerbaijan,M,15-24,4,45.7
145,Azerbaijan,M,25-34,4,42.3
145,Azerbaijan,M,35-49,4,34.2
215,Azerbaijan,M,15-24,5,39.4
215,Azerbaijan,M,25-34,5,35.4
215,Azerbaijan,M,35-49,5,30.3
285,Azerbaijan,M,15-24,6,15.2
285,Azerbaijan,M,25-34,6,10.3
285,Azerbaijan,M,35-49,6,9.7
6,Bangladesh,F,15-24,1,3.6
6,Bangladesh,F,25-34,1,4.1
6,Bangladesh,F,35-49,1,5.2
6,Bangladesh,M,15-24,1,0.0
6,Bangladesh,M,25-34,1,0.0
6,Bangladesh,M,35-49,1,0.0
356,Bangladesh,F,15-24,2,27.9
356,Bangladesh,F,25-34,2,27.7
356,Bangladesh,F,35-49,2,29.2
76,Bangladesh,F,15-24,3,19.8
76,Bangladesh,F,25-34,3,19.3
76,Bangladesh,F,35-49,3,20.7
146,Bangladesh,F,15-24,4,13.9
146,Bangladesh,F,25-34,4,13.7
146,Bangladesh,F,35-49,4,15.6
216,Bangladesh,F,15-24,5,14.6
216,Bangladesh,F,25-34,5,14.7
216,Bangladesh,F,35-49,5,15.4
286,Bangladesh,F,15-24,6,5.9
286,Bangladesh,F,25-34,6,7.4
286,Bangladesh,F,35-49,6,8.1
356,Bangladesh,M,15-24,2,0.0
356,Bangladesh,M,25-34,2,0.0
356,Bangladesh,M,35-49,2,0.0
76,Bangladesh,M,15-24,3,0.0
76,Bangladesh,M,25-34,3,0.0
76,Bangladesh,M,35-49,3,0.0
146,Bangladesh,M,15-24,4,0.0
146,Bangladesh,M,25-34,4,0.0
146,Bangladesh,M,35-49,4,0.0
216,Bangladesh,M,15-24,5,0.0
216,Bangladesh,M,25-34,5,0.0
216,Bangladesh,M,35-49,5,0.0
286,Bangladesh,M,15-24,6,0.0
286,Bangladesh,M,25-34,6,0.0
286,Bangladesh,M,35-49,6,0.0
7,Benin,F,15-24,1,13.2
7,Benin,F,25-34,1,13.4
7,Benin,F,35-49,1,15.5
7,Benin,M,35-49,1,5.3
7,Benin,M,25-34,1,6.5
7,Benin,M,15-24,1,8.3
357,Benin,F,15-24,2,29.8
357,Benin,F,25-34,2,32.7
357,Benin,F,35-49,2,33.7
77,Benin,F,15-24,3,19.1
77,Benin,F,25-34,3,21.7
77,Benin,F,35-49,3,22.3
147,Benin,F,15-24,4,18.7
147,Benin,F,25-34,4,22.2
147,Benin,F,35-49,4,23.7
217,Benin,F,15-24,5,20.5
217,Benin,F,25-34,5,23.5
217,Benin,F,35-49,5,24.5
287,Benin,F,15-24,6,11.4
287,Benin,F,25-34,6,12.9
287,Benin,F,35-49,6,14.5
357,Benin,M,15-24,2,17.3
357,Benin,M,25-34,2,15.9
357,Benin,M,35-49,2,12.8
77,Benin,M,15-24,3,11.1
77,Benin,M,25-34,3,10.2
77,Benin,M,35-49,3,7.4
147,Benin,M,15-24,4,10.5
147,Benin,M,25-34,4,8.3
147,Benin,M,35-49,4,7.2
217,Benin,M,15-24,5,11.2
217,Benin,M,25-34,5,9.7
217,Benin,M,35-49,5,6.6
287,Benin,M,15-24,6,7.7
287,Benin,M,25-34,6,7.9
287,Benin,M,35-49,6,5.1
8,Bolivia,F,25-34,1,2.6
8,Bolivia,F,15-24,1,3.4
8,Bolivia,F,35-49,1,3.8
8,Bolivia,M,15-24,1,0.0
8,Bolivia,M,25-34,1,0.0
8,Bolivia,M,35-49,1,0.0
358,Bolivia,F,15-24,2,15.6
358,Bolivia,F,25-34,2,15.0
358,Bolivia,F,35-49,2,17.6
78,Bolivia,F,15-24,3,5.0
78,Bolivia,F,25-34,3,5.0
78,Bolivia,F,35-49,3,5.7
148,Bolivia,F,15-24,4,5.3
148,Bolivia,F,25-34,4,5.2
148,Bolivia,F,35-49,4,7.3
218,Bolivia,F,15-24,5,11.9
218,Bolivia,F,25-34,5,11.7
218,Bolivia,F,35-49,5,13.2
288,Bolivia,F,15-24,6,1.8
288,Bolivia,F,25-34,6,2.1
288,Bolivia,F,35-49,6,2.9
358,Bolivia,M,15-24,2,0.0
358,Bolivia,M,25-34,2,0.0
358,Bolivia,M,35-49,2,0.0
78,Bolivia,M,15-24,3,0.0
78,Bolivia,M,25-34,3,0.0
78,Bolivia,M,35-49,3,0.0
148,Bolivia,M,15-24,4,0.0
148,Bolivia,M,25-34,4,0.0
148,Bolivia,M,35-49,4,0.0
218,Bolivia,M,15-24,5,0.0
218,Bolivia,M,25-34,5,0.0
218,Bolivia,M,35-49,5,0.0
288,Bolivia,M,15-24,6,0.0
288,Bolivia,M,25-34,6,0.0
288,Bolivia,M,35-49,6,0.0
9,Burkina Faso,F,15-24,1,9.2
9,Burkina Faso,F,25-34,1,9.4
9,Burkina Faso,F,35-49,1,11.0
9,Burkina Faso,M,35-49,1,6.1
9,Burkina Faso,M,25-34,1,6.5
9,Burkina Faso,M,15-24,1,9.4
359,Burkina Faso,F,15-24,2,40.8
359,Burkina Faso,F,25-34,2,43.0
359,Burkina Faso,F,35-49,2,47.6
79,Burkina Faso,F,15-24,3,28.3
79,Burkina Faso,F,25-34,3,30.2
79,Burkina Faso,F,35-49,3,35.0
149,Burkina Faso,F,15-24,4,27.4
149,Burkina Faso,F,25-34,4,29.9
149,Burkina Faso,F,35-49,4,34.6
219,Burkina Faso,F,15-24,5,27.9
219,Burkina Faso,F,25-34,5,29.6
219,Burkina Faso,F,35-49,5,34.6
289,Burkina Faso,F,15-24,6,17.7
289,Burkina Faso,F,25-34,6,19.6
289,Burkina Faso,F,35-49,6,22.3
359,Burkina Faso,M,15-24,2,37.1
359,Burkina Faso,M,25-34,2,31.7
359,Burkina Faso,M,35-49,2,32.7
79,Burkina Faso,M,15-24,3,20.9
79,Burkina Faso,M,25-34,3,19.4
79,Burkina Faso,M,35-49,3,19.5
149,Burkina Faso,M,15-24,4,19.7
149,Burkina Faso,M,25-34,4,16.3
149,Burkina Faso,M,35-49,4,16.6
219,Burkina Faso,M,15-24,5,21.6
219,Burkina Faso,M,25-34,5,18.8
219,Burkina Faso,M,35-49,5,19.5
289,Burkina Faso,M,15-24,6,12.7
289,Burkina Faso,M,25-34,6,9.2
289,Burkina Faso,M,35-49,6,10.4
10,Burundi,F,35-49,1,20.4
10,Burundi,F,25-34,1,20.5
10,Burundi,F,15-24,1,24.3
10,Burundi,M,25-34,1,3.3
10,Burundi,M,35-49,1,3.5
10,Burundi,M,15-24,1,7.2
360,Burundi,F,15-24,2,62.7
360,Burundi,F,25-34,2,61.1
360,Burundi,F,35-49,2,61.2
80,Burundi,F,15-24,3,30.5
80,Burundi,F,25-34,3,29.3
80,Burundi,F,35-49,3,30.4
150,Burundi,F,15-24,4,39.8
150,Burundi,F,25-34,4,38.3
150,Burundi,F,35-49,4,39.4
220,Burundi,F,15-24,5,52.7
220,Burundi,F,25-34,5,51.2
220,Burundi,F,35-49,5,51.0
290,Burundi,F,15-24,6,40.9
290,Burundi,F,25-34,6,41.3
290,Burundi,F,35-49,6,43.7
360,Burundi,M,15-24,2,43.7
360,Burundi,M,25-34,2,31.0
360,Burundi,M,35-49,2,26.3
80,Burundi,M,15-24,3,12.8
80,Burundi,M,25-34,3,8.7
80,Burundi,M,35-49,3,8.1
150,Burundi,M,15-24,4,20.7
150,Burundi,M,25-34,4,14.5
150,Burundi,M,35-49,4,14.9
220,Burundi,M,15-24,5,32.8
220,Burundi,M,25-34,5,23.8
220,Burundi,M,35-49,5,18.8
290,Burundi,M,15-24,6,18.7
290,Burundi,M,25-34,6,9.9
290,Burundi,M,35-49,6,9.6
11,Cambodia,F,15-24,1,9.4
11,Cambodia,F,25-34,1,10.1
11,Cambodia,F,35-49,1,15.8
11,Cambodia,M,25-34,1,1.0
11,Cambodia,M,15-24,1,2.1
11,Cambodia,M,35-49,1,2.4
361,Cambodia,F,15-24,2,44.9
361,Cambodia,F,25-34,2,48.7
361,Cambodia,F,35-49,2,56.1
81,Cambodia,F,15-24,3,20.2
81,Cambodia,F,25-34,3,21.7
81,Cambodia,F,35-49,3,29.9
151,Cambodia,F,15-24,4,25.3
151,Cambodia,F,25-34,4,30.3
151,Cambodia,F,35-49,4,38.5
221,Cambodia,F,15-24,5,39.0
221,Cambodia,F,25-34,5,43.5
221,Cambodia,F,35-49,5,48.7
291,Cambodia,F,15-24,6,8.9
291,Cambodia,F,25-34,6,11.0
291,Cambodia,F,35-49,6,18.6
361,Cambodia,M,15-24,2,24.9
361,Cambodia,M,25-34,2,23.9
361,Cambodia,M,35-49,2,29.4
81,Cambodia,M,15-24,3,10.6
81,Cambodia,M,25-34,3,8.9
81,Cambodia,M,35-49,3,14.1
151,Cambodia,M,15-24,4,10.5
151,Cambodia,M,25-34,4,11.7
151,Cambodia,M,35-49,4,15.4
221,Cambodia,M,15-24,5,17.3
221,Cambodia,M,25-34,5,18.2
221,Cambodia,M,35-49,5,22.0
291,Cambodia,M,15-24,6,3.6
291,Cambodia,M,25-34,6,2.3
291,Cambodia,M,35-49,6,5.7
12,Cameroon,F,25-34,1,12.0
12,Cameroon,F,35-49,1,14.1
12,Cameroon,F,15-24,1,14.4
12,Cameroon,M,35-49,1,6.7
12,Cameroon,M,25-34,1,7.5
12,Cameroon,M,15-24,1,11.4
362,Cameroon,F,15-24,2,48.9
362,Cameroon,F,25-34,2,43.5
362,Cameroon,F,35-49,2,45.8
82,Cameroon,F,15-24,3,20.5
82,Cameroon,F,25-34,3,20.0
82,Cameroon,F,35-49,3,22.1
152,Cameroon,F,15-24,4,26.0
152,Cameroon,F,25-34,4,25.3
152,Cameroon,F,35-49,4,28.9
222,Cameroon,F,15-24,5,39.6
222,Cameroon,F,25-34,5,34.9
222,Cameroon,F,35-49,5,36.7
292,Cameroon,F,15-24,6,12.4
292,Cameroon,F,25-34,6,13.8
292,Cameroon,F,35-49,6,17.1
362,Cameroon,M,15-24,2,42.9
362,Cameroon,M,25-34,2,36.5
362,Cameroon,M,35-49,2,34.5
82,Cameroon,M,15-24,3,19.4
82,Cameroon,M,25-34,3,16.8
82,Cameroon,M,35-49,3,15.7
152,Cameroon,M,15-24,4,22.0
152,Cameroon,M,25-34,4,20.3
152,Cameroon,M,35-49,4,21.2
222,Cameroon,M,15-24,5,32.0
222,Cameroon,M,25-34,5,27.9
222,Cameroon,M,35-49,5,24.9
292,Cameroon,M,15-24,6,8.6
292,Cameroon,M,25-34,6,7.3
292,Cameroon,M,35-49,6,6.6
13,Chad,F,35-49,1,47.4
13,Chad,F,15-24,1,47.7
13,Chad,F,25-34,1,50.5
13,Chad,M,35-49,1,24.0
13,Chad,M,25-34,1,28.6
13,Chad,M,15-24,1,29.3
363,Chad,F,15-24,2,72.2
363,Chad,F,25-34,2,76.1
363,Chad,F,35-49,2,72.5
83,Chad,F,15-24,3,47.8
83,Chad,F,25-34,3,52.0
83,Chad,F,35-49,3,50.1
153,Chad,F,15-24,4,56.2
153,Chad,F,25-34,4,62.3
153,Chad,F,35-49,4,59.1
223,Chad,F,15-24,5,57.9
223,Chad,F,25-34,5,62.6
223,Chad,F,35-49,5,59.0
293,Chad,F,15-24,6,37.2
293,Chad,F,25-34,6,43.3
293,Chad,F,35-49,6,42.2
363,Chad,M,15-24,2,53.2
363,Chad,M,25-34,2,50.5
363,Chad,M,35-49,2,46.8
83,Chad,M,15-24,3,24.4
83,Chad,M,25-34,3,20.8
83,Chad,M,35-49,3,20.6
153,Chad,M,15-24,4,30.0
153,Chad,M,25-34,4,28.1
153,Chad,M,35-49,4,25.7
223,Chad,M,15-24,5,38.4
223,Chad,M,25-34,5,37.3
223,Chad,M,35-49,5,34.8
293,Chad,M,15-24,6,25.9
293,Chad,M,25-34,6,22.9
293,Chad,M,35-49,6,21.5
14,Colombia,F,25-34,1,0.8
14,Colombia,F,15-24,1,1.2
14,Colombia,F,35-49,1,1.4
14,Colombia,M,35-49,1,1.0
14,Colombia,M,25-34,1,1.1
14,Colombia,M,15-24,1,1.4
364,Colombia,F,15-24,2,3.2
364,Colombia,F,25-34,2,2.7
364,Colombia,F,35-49,2,3.4
84,Colombia,F,15-24,3,1.3
84,Colombia,F,25-34,3,1.0
84,Colombia,F,35-49,3,1.4
154,Colombia,F,15-24,4,1.1
154,Colombia,F,25-34,4,1.1
154,Colombia,F,35-49,4,1.4
224,Colombia,F,15-24,5,2.3
224,Colombia,F,25-34,5,2.1
224,Colombia,F,35-49,5,2.7
294,Colombia,F,15-24,6,1.1
294,Colombia,F,25-34,6,0.8
294,Colombia,F,35-49,6,1.3
364,Colombia,M,15-24,2,4.8
364,Colombia,M,25-34,2,3.7
364,Colombia,M,35-49,2,4.0
84,Colombia,M,15-24,3,1.7
84,Colombia,M,25-34,3,1.2
84,Colombia,M,35-49,3,1.3
154,Colombia,M,15-24,4,1.7
154,Colombia,M,25-34,4,1.3
154,Colombia,M,35-49,4,1.3
224,Colombia,M,15-24,5,3.5
224,Colombia,M,25-34,5,2.8
224,Colombia,M,35-49,5,2.7
294,Colombia,M,15-24,6,1.6
294,Colombia,M,25-34,6,1.1
294,Colombia,M,35-49,6,1.2
15,Comoros,F,35-49,1,10.0
15,Comoros,F,25-34,1,11.6
15,Comoros,F,15-24,1,15.1
15,Comoros,M,35-49,1,0.9
15,Comoros,M,25-34,1,2.9
15,Comoros,M,15-24,1,4.8
365,Comoros,F,15-24,2,42.5
365,Comoros,F,25-34,2,36.0
365,Comoros,F,35-49,2,36.6
85,Comoros,F,15-24,3,18.1
85,Comoros,F,25-34,3,14.2
85,Comoros,F,35-49,3,13.4
155,Comoros,F,15-24,4,30.6
155,Comoros,F,25-34,4,26.4
155,Comoros,F,35-49,4,27.0
225,Comoros,F,15-24,5,32.9
225,Comoros,F,25-34,5,27.0
225,Comoros,F,35-49,5,27.7
295,Comoros,F,15-24,6,20.6
295,Comoros,F,25-34,6,19.9
295,Comoros,F,35-49,6,19.0
365,Comoros,M,15-24,2,26.0
365,Comoros,M,25-34,2,14.1
365,Comoros,M,35-49,2,8.4
85,Comoros,M,15-24,3,11.9
85,Comoros,M,25-34,3,4.8
85,Comoros,M,35-49,3,1.6
155,Comoros,M,15-24,4,10.8
155,Comoros,M,25-34,4,5.4
155,Comoros,M,35-49,4,3.3
225,Comoros,M,15-24,5,12.8
225,Comoros,M,25-34,5,4.6
225,Comoros,M,35-49,5,4.4
295,Comoros,M,15-24,6,10.1
295,Comoros,M,25-34,6,9.5
295,Comoros,M,35-49,6,3.8
16,Congo,F,15-24,1,0.0
16,Congo,F,25-34,1,0.0
16,Congo,F,35-49,1,0.0
16,Congo,M,15-24,1,0.0
16,Congo,M,25-34,1,0.0
16,Congo,M,35-49,1,0.0
366,Congo,F,15-24,2,64.0
366,Congo,F,25-34,2,58.9
366,Congo,F,35-49,2,58.0
86,Congo,F,15-24,3,0.0
86,Congo,F,25-34,3,0.0
86,Congo,F,35-49,3,0.0
156,Congo,F,15-24,4,42.8
156,Congo,F,25-34,4,39.9
156,Congo,F,35-49,4,39.2
226,Congo,F,15-24,5,50.9
226,Congo,F,25-34,5,44.9
226,Congo,F,35-49,5,43.3
296,Congo,F,15-24,6,24.9
296,Congo,F,25-34,6,25.9
296,Congo,F,35-49,6,28.9
366,Congo,M,15-24,2,48.9
366,Congo,M,25-34,2,42.9
366,Congo,M,35-49,2,36.2
86,Congo,M,15-24,3,0.0
86,Congo,M,25-34,3,0.0
86,Congo,M,35-49,3,0.0
156,Congo,M,15-24,4,24.1
156,Congo,M,25-34,4,21.2
156,Congo,M,35-49,4,21.1
226,Congo,M,15-24,5,35.8
226,Congo,M,25-34,5,32.2
226,Congo,M,35-49,5,25.1
296,Congo,M,15-24,6,15.1
296,Congo,M,25-34,6,14.1
296,Congo,M,35-49,6,10.2
17,Congo Democratic Republic,F,35-49,1,22.5
17,Congo Democratic Republic,F,25-34,1,23.9
17,Congo Democratic Republic,F,15-24,1,25.9
17,Congo Democratic Republic,M,35-49,1,10.7
17,Congo Democratic Republic,M,25-34,1,13.2
17,Congo Democratic Republic,M,15-24,1,19.8
367,Congo Democratic Republic,F,15-24,2,76.3
367,Congo Democratic Republic,F,25-34,2,75.2
367,Congo Democratic Republic,F,35-49,2,71.8
87,Congo Democratic Republic,F,15-24,3,59.7
87,Congo Democratic Republic,F,25-34,3,57.9
87,Congo Democratic Republic,F,35-49,3,54.3
157,Congo Democratic Republic,F,15-24,4,49.6
157,Congo Democratic Republic,F,25-34,4,50.5
157,Congo Democratic Republic,F,35-49,4,46.5
227,Congo Democratic Republic,F,15-24,5,52.6
227,Congo Democratic Republic,F,25-34,5,51.7
227,Congo Democratic Republic,F,35-49,5,49.2
297,Congo Democratic Republic,F,15-24,6,40.8
297,Congo Democratic Republic,F,25-34,6,46.1
297,Congo Democratic Republic,F,35-49,6,44.4
367,Congo Democratic Republic,M,15-24,2,67.6
367,Congo Democratic Republic,M,25-34,2,60.8
367,Congo Democratic Republic,M,35-49,2,52.2
87,Congo Democratic Republic,M,15-24,3,47.2
87,Congo Democratic Republic,M,25-34,3,42.6
87,Congo Democratic Republic,M,35-49,3,35.1
157,Congo Democratic Republic,M,15-24,4,38.1
157,Congo Democratic Republic,M,25-34,4,32.6
157,Congo Democratic Republic,M,35-49,4,25.1
227,Congo Democratic Republic,M,15-24,5,45.4
227,Congo Democratic Republic,M,25-34,5,40.7
227,Congo Democratic Republic,M,35-49,5,32.5
297,Congo Democratic Republic,M,15-24,6,26.6
297,Congo Democratic Republic,M,25-34,6,21.4
297,Congo Democratic Republic,M,35-49,6,20.8
18,Cote d'Ivoire,F,15-24,1,16.0
18,Cote d'Ivoire,F,25-34,1,16.4
18,Cote d'Ivoire,F,35-49,1,16.9
18,Cote d'Ivoire,M,35-49,1,7.7
18,Cote d'Ivoire,M,25-34,1,11.2
18,Cote d'Ivoire,M,15-24,1,17.7
368,Cote d'Ivoire,F,15-24,2,50.6
368,Cote d'Ivoire,F,25-34,2,46.3
368,Cote d'Ivoire,F,35-49,2,45.9
88,Cote d'Ivoire,F,15-24,3,35.4
88,Cote d'Ivoire,F,25-34,3,33.8
88,Cote d'Ivoire,F,35-49,3,33.5
158,Cote d'Ivoire,F,15-24,4,25.9
158,Cote d'Ivoire,F,25-34,4,27.0
158,Cote d'Ivoire,F,35-49,4,26.9
228,Cote d'Ivoire,F,15-24,5,34.4
228,Cote d'Ivoire,F,25-34,5,31.7
228,Cote d'Ivoire,F,35-49,5,31.6
298,Cote d'Ivoire,F,15-24,6,20.2
298,Cote d'Ivoire,F,25-34,6,21.4
298,Cote d'Ivoire,F,35-49,6,23.6
368,Cote d'Ivoire,M,15-24,2,49.0
368,Cote d'Ivoire,M,25-34,2,42.8
368,Cote d'Ivoire,M,35-49,2,32.2
88,Cote d'Ivoire,M,15-24,3,30.6
88,Cote d'Ivoire,M,25-34,3,25.0
88,Cote d'Ivoire,M,35-49,3,20.3
158,Cote d'Ivoire,M,15-24,4,24.6
158,Cote d'Ivoire,M,25-34,4,22.0
158,Cote d'Ivoire,M,35-49,4,18.7
228,Cote d'Ivoire,M,15-24,5,33.5
228,Cote d'Ivoire,M,25-34,5,30.9
228,Cote d'Ivoire,M,35-49,5,20.6
298,Cote d'Ivoire,M,15-24,6,14.1
298,Cote d'Ivoire,M,25-34,6,11.4
298,Cote d'Ivoire,M,35-49,6,9.1
19,Dominican Republic,F,25-34,1,0.4
19,Dominican Republic,F,15-24,1,0.7
19,Dominican Republic,F,35-49,1,0.7
19,Dominican Republic,M,35-49,1,0.5
19,Dominican Republic,M,25-34,1,0.7
19,Dominican Republic,M,15-24,1,1.4
369,Dominican Republic,F,15-24,2,2.9
369,Dominican Republic,F,25-34,2,2.3
369,Dominican Republic,F,35-49,2,1.8
89,Dominican Republic,F,15-24,3,0.8
89,Dominican Republic,F,25-34,3,0.6
89,Dominican Republic,F,35-49,3,0.6
159,Dominican Republic,F,15-24,4,0.7
159,Dominican Republic,F,25-34,4,1.1
159,Dominican Republic,F,35-49,4,0.7
229,Dominican Republic,F,15-24,5,1.9
229,Dominican Republic,F,25-34,5,1.7
229,Dominican Republic,F,35-49,5,1.5
299,Dominican Republic,F,15-24,6,0.5
299,Dominican Republic,F,25-34,6,0.3
299,Dominican Republic,F,35-49,6,0.3
369,Dominican Republic,M,15-24,2,6.2
369,Dominican Republic,M,25-34,2,3.6
369,Dominican Republic,M,35-49,2,2.2
89,Dominican Republic,M,15-24,3,1.5
89,Dominican Republic,M,25-34,3,1.0
89,Dominican Republic,M,35-49,3,0.6
159,Dominican Republic,M,15-24,4,3.4
159,Dominican Republic,M,25-34,4,1.9
159,Dominican Republic,M,35-49,4,1.1
229,Dominican Republic,M,15-24,5,3.6
229,Dominican Republic,M,25-34,5,2.1
229,Dominican Republic,M,35-49,5,1.0
299,Dominican Republic,M,15-24,6,0.8
299,Dominican Republic,M,25-34,6,0.9
299,Dominican Republic,M,35-49,6,0.2
20,Egypt,F,25-34,1,6.5
20,Egypt,F,15-24,1,7.3
20,Egypt,F,35-49,1,7.3
20,Egypt,M,15-24,1,0.0
20,Egypt,M,25-34,1,0.0
20,Egypt,M,35-49,1,0.0
370,Egypt,F,15-24,2,40.5
370,Egypt,F,25-34,2,33.7
370,Egypt,F,35-49,2,35.5
90,Egypt,F,15-24,3,14.4
90,Egypt,F,25-34,3,11.5
90,Egypt,F,35-49,3,13.3
160,Egypt,F,15-24,4,29.1
160,Egypt,F,25-34,4,23.5
160,Egypt,F,35-49,4,26.0
230,Egypt,F,15-24,5,27.6
230,Egypt,F,25-34,5,22.2
230,Egypt,F,35-49,5,24.6
300,Egypt,F,15-24,6,20.6
300,Egypt,F,25-34,6,18.3
300,Egypt,F,35-49,6,21.2
370,Egypt,M,15-24,2,0.0
370,Egypt,M,25-34,2,0.0
370,Egypt,M,35-49,2,0.0
90,Egypt,M,15-24,3,0.0
90,Egypt,M,25-34,3,0.0
90,Egypt,M,35-49,3,0.0
160,Egypt,M,15-24,4,0.0
160,Egypt,M,25-34,4,0.0
160,Egypt,M,35-49,4,0.0
230,Egypt,M,15-24,5,0.0
230,Egypt,M,25-34,5,0.0
230,Egypt,M,35-49,5,0.0
300,Egypt,M,15-24,6,0.0
300,Egypt,M,25-34,6,0.0
300,Egypt,M,35-49,6,0.0
21,Eritrea,F,25-34,1,27.4
21,Eritrea,F,15-24,1,29.3
21,Eritrea,F,35-49,1,30.7
21,Eritrea,M,15-24,1,0.0
21,Eritrea,M,25-34,1,0.0
21,Eritrea,M,35-49,1,0.0
371,Eritrea,F,15-24,2,69.4
371,Eritrea,F,25-34,2,70.1
371,Eritrea,F,35-49,2,73.0
91,Eritrea,F,15-24,3,42.6
91,Eritrea,F,25-34,3,44.5
91,Eritrea,F,35-49,3,47.2
161,Eritrea,F,15-24,4,49.5
161,Eritrea,F,25-34,4,51.4
161,Eritrea,F,35-49,4,54.7
231,Eritrea,F,15-24,5,50.6
231,Eritrea,F,25-34,5,50.2
231,Eritrea,F,35-49,5,52.2
301,Eritrea,F,15-24,6,43.6
301,Eritrea,F,25-34,6,48.3
301,Eritrea,F,35-49,6,53.1
371,Eritrea,M,15-24,2,0.0
371,Eritrea,M,25-34,2,0.0
371,Eritrea,M,35-49,2,0.0
91,Eritrea,M,15-24,3,0.0
91,Eritrea,M,25-34,3,0.0
91,Eritrea,M,35-49,3,0.0
161,Eritrea,M,15-24,4,0.0
161,Eritrea,M,25-34,4,0.0
161,Eritrea,M,35-49,4,0.0
231,Eritrea,M,15-24,5,0.0
231,Eritrea,M,25-34,5,0.0
231,Eritrea,M,35-49,5,0.0
301,Eritrea,M,15-24,6,0.0
301,Eritrea,M,25-34,6,0.0
301,Eritrea,M,35-49,6,0.0
22,Eswatini,F,35-49,1,2.0
22,Eswatini,F,25-34,1,2.4
22,Eswatini,F,15-24,1,3.7
22,Eswatini,M,25-34,1,1.5
22,Eswatini,M,35-49,1,2.7
22,Eswatini,M,15-24,1,6.1
372,Eswatini,F,15-24,2,31.5
372,Eswatini,F,25-34,2,15.7
372,Eswatini,F,35-49,2,16.2
92,Eswatini,F,15-24,3,23.4
92,Eswatini,F,25-34,3,11.7
92,Eswatini,F,35-49,3,11.5
162,Eswatini,F,15-24,4,13.5
162,Eswatini,F,25-34,4,4.5
162,Eswatini,F,35-49,4,6.6
232,Eswatini,F,15-24,5,17.0
232,Eswatini,F,25-34,5,6.3
232,Eswatini,F,35-49,5,5.7
302,Eswatini,F,15-24,6,3.2
302,Eswatini,F,25-34,6,3.2
302,Eswatini,F,35-49,6,3.6
372,Eswatini,M,15-24,2,41.7
372,Eswatini,M,25-34,2,21.9
372,Eswatini,M,35-49,2,16.7
92,Eswatini,M,15-24,3,30.5
92,Eswatini,M,25-34,3,15.7
92,Eswatini,M,35-49,3,11.6
162,Eswatini,M,15-24,4,20.3
162,Eswatini,M,25-34,4,9.9
162,Eswatini,M,35-49,4,7.4
232,Eswatini,M,15-24,5,21.5
232,Eswatini,M,25-34,5,9.0
232,Eswatini,M,35-49,5,6.9
302,Eswatini,M,15-24,6,4.4
302,Eswatini,M,25-34,6,2.6
302,Eswatini,M,35-49,6,3.2
23,Ethiopia,F,15-24,1,36.4
23,Ethiopia,F,25-34,1,40.6
23,Ethiopia,F,35-49,1,43.5
23,Ethiopia,M,25-34,1,10.3
23,Ethiopia,M,35-49,1,11.2
23,Ethiopia,M,15-24,1,13.1
373,Ethiopia,F,15-24,2,60.3
373,Ethiopia,F,25-34,2,63.9
373,Ethiopia,F,35-49,2,65.8
93,Ethiopia,F,15-24,3,38.6
93,Ethiopia,F,25-34,3,43.6
93,Ethiopia,F,35-49,3,45.6
163,Ethiopia,F,15-24,4,39.1
163,Ethiopia,F,25-34,4,46.0
163,Ethiopia,F,35-49,4,46.1
233,Ethiopia,F,15-24,5,45.0
233,Ethiopia,F,25-34,5,48.7
233,Ethiopia,F,35-49,5,49.5
303,Ethiopia,F,15-24,6,29.1
303,Ethiopia,F,25-34,6,37.5
303,Ethiopia,F,35-49,6,39.4
373,Ethiopia,M,15-24,2,31.4
373,Ethiopia,M,25-34,2,23.4
373,Ethiopia,M,35-49,2,27.4
93,Ethiopia,M,15-24,3,18.0
93,Ethiopia,M,25-34,3,13.2
93,Ethiopia,M,35-49,3,16.4
163,Ethiopia,M,15-24,4,17.0
163,Ethiopia,M,25-34,4,14.8
163,Ethiopia,M,35-49,4,18.6
233,Ethiopia,M,15-24,5,21.8
233,Ethiopia,M,25-34,5,15.9
233,Ethiopia,M,35-49,5,19.0
303,Ethiopia,M,15-24,6,14.1
303,Ethiopia,M,25-34,6,11.4
303,Ethiopia,M,35-49,6,11.9
24,Gabon,F,25-34,1,9.8
24,Gabon,F,15-24,1,10.6
24,Gabon,F,35-49,1,11.7
24,Gabon,M,35-49,1,5.2
24,Gabon,M,25-34,1,6.6
24,Gabon,M,15-24,1,8.5
374,Gabon,F,15-24,2,55.0
374,Gabon,F,25-34,2,46.2
374,Gabon,F,35-49,2,47.9
94,Gabon,F,15-24,3,27.0
94,Gabon,F,25-34,3,23.6
94,Gabon,F,35-49,3,27.6
164,Gabon,F,15-24,4,17.9
164,Gabon,F,25-34,4,18.1
164,Gabon,F,35-49,4,21.8
234,Gabon,F,15-24,5,45.0
234,Gabon,F,25-34,5,36.6
234,Gabon,F,35-49,5,37.3
304,Gabon,F,15-24,6,6.0
304,Gabon,F,25-34,6,9.5
304,Gabon,F,35-49,6,12.2
374,Gabon,M,15-24,2,44.1
374,Gabon,M,25-34,2,41.5
374,Gabon,M,35-49,2,33.3
94,Gabon,M,15-24,3,22.5
94,Gabon,M,25-34,3,19.7
94,Gabon,M,35-49,3,16.2
164,Gabon,M,15-24,4,14.9
164,Gabon,M,25-34,4,14.4
164,Gabon,M,35-49,4,12.8
234,Gabon,M,15-24,5,32.8
234,Gabon,M,25-34,5,31.2
234,Gabon,M,35-49,5,22.9
304,Gabon,M,15-24,6,7.4
304,Gabon,M,25-34,6,5.1
304,Gabon,M,35-49,6,5.0
25,Gambia,F,25-34,1,9.1
25,Gambia,F,35-49,1,10.0
25,Gambia,F,15-24,1,12.0
25,Gambia,M,35-49,1,3.1
25,Gambia,M,25-34,1,4.3
25,Gambia,M,15-24,1,9.1
375,Gambia,F,15-24,2,57.6
375,Gambia,F,25-34,2,58.7
375,Gambia,F,35-49,2,59.6
95,Gambia,F,15-24,3,24.9
95,Gambia,F,25-34,3,23.8
95,Gambia,F,35-49,3,22.9
165,Gambia,F,15-24,4,41.3
165,Gambia,F,25-34,4,42.3
165,Gambia,F,35-49,4,42.8
235,Gambia,F,15-24,5,36.3
235,Gambia,F,25-34,5,34.1
235,Gambia,F,35-49,5,34.8
305,Gambia,F,15-24,6,42.5
305,Gambia,F,25-34,6,46.0
305,Gambia,F,35-49,6,47.1
375,Gambia,M,15-24,2,38.8
375,Gambia,M,25-34,2,30.5
375,Gambia,M,35-49,2,25.0
95,Gambia,M,15-24,3,14.3
95,Gambia,M,25-34,3,9.7
95,Gambia,M,35-49,3,7.7
165,Gambia,M,15-24,4,26.2
165,Gambia,M,25-34,4,17.4
165,Gambia,M,35-49,4,14.5
235,Gambia,M,15-24,5,22.4
235,Gambia,M,25-34,5,16.9
235,Gambia,M,35-49,5,14.5
305,Gambia,M,15-24,6,23.4
305,Gambia,M,25-34,6,16.3
305,Gambia,M,35-49,6,14.8
26,Ghana,F,35-49,1,6.5
26,Ghana,F,25-34,1,6.8
26,Ghana,F,15-24,1,8.9
26,Ghana,M,35-49,1,1.3
26,Ghana,M,25-34,1,1.7
26,Ghana,M,15-24,1,5.2
376,Ghana,F,15-24,2,31.8
376,Ghana,F,25-34,2,25.3
376,Ghana,F,35-49,2,27.5
96,Ghana,F,15-24,3,16.7
96,Ghana,F,25-34,3,14.8
96,Ghana,F,35-49,3,15.3
166,Ghana,F,15-24,4,17.9
166,Ghana,F,25-34,4,14.8
166,Ghana,F,35-49,4,16.7
236,Ghana,F,15-24,5,23.6
236,Ghana,F,25-34,5,18.9
236,Ghana,F,35-49,5,20.2
306,Ghana,F,15-24,6,12.0
306,Ghana,F,25-34,6,12.5
306,Ghana,F,35-49,6,12.1
376,Ghana,M,15-24,2,18.8
376,Ghana,M,25-34,2,10.2
376,Ghana,M,35-49,2,8.8
96,Ghana,M,15-24,3,9.0
96,Ghana,M,25-34,3,3.9
96,Ghana,M,35-49,3,4.1
166,Ghana,M,15-24,4,9.9
166,Ghana,M,25-34,4,5.2
166,Ghana,M,35-49,4,4.2
236,Ghana,M,15-24,5,11.8
236,Ghana,M,25-34,5,7.6
236,Ghana,M,35-49,5,5.4
306,Ghana,M,15-24,6,7.0
306,Ghana,M,25-34,6,3.4
306,Ghana,M,35-49,6,3.5
27,Guatemala,F,25-34,1,3.4
27,Guatemala,F,15-24,1,4.4
27,Guatemala,F,35-49,1,4.7
27,Guatemala,M,25-34,1,0.5
27,Guatemala,M,35-49,1,0.5
27,Guatemala,M,15-24,1,2.3
377,Guatemala,F,15-24,2,11.7
377,Guatemala,F,25-34,2,9.4
377,Guatemala,F,35-49,2,11.6
97,Guatemala,F,15-24,3,3.3
97,Guatemala,F,25-34,3,2.7
97,Guatemala,F,35-49,3,3.8
167,Guatemala,F,15-24,4,3.7
167,Guatemala,F,25-34,4,3.1
167,Guatemala,F,35-49,4,3.8
237,Guatemala,F,15-24,5,8.2
237,Guatemala,F,25-34,5,6.7
237,Guatemala,F,35-49,5,7.6
307,Guatemala,F,15-24,6,2.5
307,Guatemala,F,25-34,6,2.1
307,Guatemala,F,35-49,6,2.6
377,Guatemala,M,15-24,2,10.5
377,Guatemala,M,25-34,2,4.5
377,Guatemala,M,35-49,2,4.9
97,Guatemala,M,15-24,3,3.9
97,Guatemala,M,25-34,3,1.1
97,Guatemala,M,35-49,3,1.8
167,Guatemala,M,15-24,4,2.8
167,Guatemala,M,25-34,4,1.3
167,Guatemala,M,35-49,4,1.6
237,Guatemala,M,15-24,5,6.6
237,Guatemala,M,25-34,5,2.5
237,Guatemala,M,35-49,5,2.5
307,Guatemala,M,15-24,6,1.7
307,Guatemala,M,25-34,6,1.2
307,Guatemala,M,35-49,6,1.3
28,Guinea,F,15-24,1,22.0
28,Guinea,F,25-34,1,24.1
28,Guinea,F,35-49,1,25.1
28,Guinea,M,25-34,1,13.9
28,Guinea,M,35-49,1,14.6
28,Guinea,M,15-24,1,20.7
378,Guinea,F,15-24,2,65.1
378,Guinea,F,25-34,2,69.4
378,Guinea,F,35-49,2,67.9
98,Guinea,F,15-24,3,47.2
98,Guinea,F,25-34,3,49.5
98,Guinea,F,35-49,3,51.0
168,Guinea,F,15-24,4,51.3
168,Guinea,F,25-34,4,55.5
168,Guinea,F,35-49,4,55.6
238,Guinea,F,15-24,5,50.4
238,Guinea,F,25-34,5,53.6
238,Guinea,F,35-49,5,53.7
308,Guinea,F,15-24,6,42.3
308,Guinea,F,25-34,6,51.5
308,Guinea,F,35-49,6,51.0
378,Guinea,M,15-24,2,56.0
378,Guinea,M,25-34,2,57.1
378,Guinea,M,35-49,2,53.2
98,Guinea,M,15-24,3,34.4
98,Guinea,M,25-34,3,32.0
98,Guinea,M,35-49,3,29.9
168,Guinea,M,15-24,4,37.4
168,Guinea,M,25-34,4,39.1
168,Guinea,M,35-49,4,36.8
238,Guinea,M,15-24,5,43.3
238,Guinea,M,25-34,5,43.8
238,Guinea,M,35-49,5,42.9
308,Guinea,M,15-24,6,26.0
308,Guinea,M,25-34,6,24.4
308,Guinea,M,35-49,6,25.9
29,Guyana,F,15-24,1,3.3
29,Guyana,F,35-49,1,3.5
29,Guyana,F,25-34,1,3.8
29,Guyana,M,25-34,1,3.1
29,Guyana,M,35-49,1,3.6
29,Guyana,M,15-24,1,4.7
379,Guyana,F,15-24,2,16.5
379,Guyana,F,25-34,2,15.4
379,Guyana,F,35-49,2,16.6
99,Guyana,F,15-24,3,6.2
99,Guyana,F,25-34,3,6.8
99,Guyana,F,35-49,3,7.1
169,Guyana,F,15-24,4,5.0
169,Guyana,F,25-34,4,6.6
169,Guyana,F,35-49,4,5.9
239,Guyana,F,15-24,5,11.7
239,Guyana,F,25-34,5,11.2
239,Guyana,F,35-49,5,11.9
309,Guyana,F,15-24,6,3.3
309,Guyana,F,25-34,6,4.9
309,Guyana,F,35-49,6,4.9
379,Guyana,M,15-24,2,23.0
379,Guyana,M,25-34,2,15.6
379,Guyana,M,35-49,2,18.6
99,Guyana,M,15-24,3,8.4
99,Guyana,M,25-34,3,6.0
99,Guyana,M,35-49,3,8.6
169,Guyana,M,15-24,4,7.7
169,Guyana,M,25-34,4,6.2
169,Guyana,M,35-49,4,6.2
239,Guyana,M,15-24,5,16.9
239,Guyana,M,25-34,5,9.6
239,Guyana,M,35-49,5,12.7
309,Guyana,M,15-24,6,4.6
309,Guyana,M,25-34,6,3.3
309,Guyana,M,35-49,6,2.8
30,Haiti,F,25-34,1,2.7
30,Haiti,F,35-49,1,3.1
30,Haiti,F,15-24,1,5.5
30,Haiti,M,35-49,1,0.9
30,Haiti,M,25-34,1,1.3
30,Haiti,M,15-24,1,2.6
380,Haiti,F,15-24,2,19.3
380,Haiti,F,25-34,2,14.2
380,Haiti,F,35-49,2,15.1
100,Haiti,F,15-24,3,2.7
100,Haiti,F,25-34,3,2.2
100,Haiti,F,35-49,3,2.5
170,Haiti,F,15-24,4,12.6
170,Haiti,F,25-34,4,10.1
170,Haiti,F,35-49,4,10.2
240,Haiti,F,15-24,5,12.4
240,Haiti,F,25-34,5,8.3
240,Haiti,F,35-49,5,8.5
310,Haiti,F,15-24,6,4.7
310,Haiti,F,25-34,6,4.1
310,Haiti,F,35-49,6,5.5
380,Haiti,M,15-24,2,14.1
380,Haiti,M,25-34,2,9.1
380,Haiti,M,35-49,2,7.3
100,Haiti,M,15-24,3,2.2
100,Haiti,M,25-34,3,1.4
100,Haiti,M,35-49,3,0.8
170,Haiti,M,15-24,4,8.2
170,Haiti,M,25-34,4,6.3
170,Haiti,M,35-49,4,5.1
240,Haiti,M,15-24,5,8.9
240,Haiti,M,25-34,5,4.1
240,Haiti,M,35-49,5,3.6
310,Haiti,M,15-24,6,3.3
310,Haiti,M,25-34,6,1.8
310,Haiti,M,35-49,6,1.9
31,Honduras,F,25-34,1,3.9
31,Honduras,F,35-49,1,4.2
31,Honduras,F,15-24,1,4.5
31,Honduras,M,35-49,1,1.4
31,Honduras,M,25-34,1,2.7
31,Honduras,M,15-24,1,4.6
381,Honduras,F,15-24,2,13.2
381,Honduras,F,25-34,2,11.1
381,Honduras,F,35-49,2,12.5
101,Honduras,F,15-24,3,5.1
101,Honduras,F,25-34,3,4.5
101,Honduras,F,35-49,3,4.8
171,Honduras,F,15-24,4,4.5
171,Honduras,F,25-34,4,3.9
171,Honduras,F,35-49,4,4.6
241,Honduras,F,15-24,5,10.1
241,Honduras,F,25-34,5,8.8
241,Honduras,F,35-49,5,9.3
311,Honduras,F,15-24,6,2.3
311,Honduras,F,25-34,6,2.0
311,Honduras,F,35-49,6,2.6
381,Honduras,M,15-24,2,13.6
381,Honduras,M,25-34,2,7.8
381,Honduras,M,35-49,2,6.9
101,Honduras,M,15-24,3,6.0
101,Honduras,M,25-34,3,2.7
101,Honduras,M,35-49,3,2.9
171,Honduras,M,15-24,4,4.3
171,Honduras,M,25-34,4,2.4
171,Honduras,M,35-49,4,2.0
241,Honduras,M,15-24,5,10.2
241,Honduras,M,25-34,5,4.8
241,Honduras,M,35-49,5,5.4
311,Honduras,M,15-24,6,4.1
311,Honduras,M,25-34,6,1.5
311,Honduras,M,35-49,6,1.1
32,India,F,15-24,1,17.5
32,India,F,25-34,1,18.8
32,India,F,35-49,1,21.1
32,India,M,35-49,1,9.2
32,India,M,25-34,1,10.2
32,India,M,15-24,1,11.2
382,India,F,15-24,2,41.6
382,India,F,25-34,2,44.7
382,India,F,35-49,2,47.7
102,India,F,15-24,3,26.4
102,India,F,25-34,3,29.1
102,India,F,35-49,3,31.7
172,India,F,15-24,4,23.6
172,India,F,25-34,4,26.2
172,India,F,35-49,4,28.6
242,India,F,15-24,5,30.4
242,India,F,25-34,5,32.8
242,India,F,35-49,5,35.1
312,India,F,15-24,6,11.4
312,India,F,25-34,6,13.4
312,India,F,35-49,6,15.1
382,India,M,15-24,2,33.7
382,India,M,25-34,2,31.3
382,India,M,35-49,2,30.6
102,India,M,15-24,3,22.4
102,India,M,25-34,3,19.6
102,India,M,35-49,3,19.3
172,India,M,15-24,4,17.5
172,India,M,25-34,4,15.5
172,India,M,35-49,4,14.9
242,India,M,15-24,5,20.7
242,India,M,25-34,5,19.9
242,India,M,35-49,5,18.9
312,India,M,15-24,6,10.3
312,India,M,25-34,6,8.6
312,India,M,35-49,6,8.1
33,Indonesia,F,25-34,1,2.1
33,Indonesia,F,35-49,1,2.5
33,Indonesia,F,15-24,1,3.1
33,Indonesia,M,15-24,1,0.8
33,Indonesia,M,25-34,1,0.8
33,Indonesia,M,35-49,1,0.9
383,Indonesia,F,15-24,2,42.2
383,Indonesia,F,25-34,2,34.5
383,Indonesia,F,35-49,2,28.9
103,Indonesia,F,15-24,3,6.9
103,Indonesia,F,25-34,3,5.1
103,Indonesia,F,35-49,3,5.2
173,Indonesia,F,15-24,4,26.9
173,Indonesia,F,25-34,4,24.8
173,Indonesia,F,35-49,4,21.4
243,Indonesia,F,15-24,5,34.3
243,Indonesia,F,25-34,5,27.6
243,Indonesia,F,35-49,5,22.0
313,Indonesia,F,15-24,6,10.3
313,Indonesia,F,25-34,6,8.7
313,Indonesia,F,35-49,6,8.1
383,Indonesia,M,15-24,2,24.8
383,Indonesia,M,25-34,2,20.1
383,Indonesia,M,35-49,2,16.7
103,Indonesia,M,15-24,3,4.4
103,Indonesia,M,25-34,3,4.3
103,Indonesia,M,35-49,3,2.8
173,Indonesia,M,15-24,4,12.4
173,Indonesia,M,25-34,4,12.6
173,Indonesia,M,35-49,4,12.0
243,Indonesia,M,15-24,5,18.3
243,Indonesia,M,25-34,5,15.0
243,Indonesia,M,35-49,5,10.7
313,Indonesia,M,15-24,6,3.7
313,Indonesia,M,25-34,6,3.4
313,Indonesia,M,35-49,6,3.0
34,Jordan,F,15-24,1,1.8
34,Jordan,F,35-49,1,2.3
384,Jordan,F,15-24,2,15.7
384,Jordan,F,25-34,2,14.6
384,Jordan,F,35-49,2,13.4
104,Jordan,F,15-24,3,6.8
104,Jordan,F,25-34,3,6.1
104,Jordan,F,35-49,3,5.6
34,Jordan,F,25-34,1,2.7
174,Jordan,F,15-24,4,9.5
174,Jordan,F,25-34,4,7.2
174,Jordan,F,35-49,4,6.5
244,Jordan,F,15-24,5,5.8
244,Jordan,F,25-34,5,7.3
244,Jordan,F,35-49,5,6.6
314,Jordan,F,15-24,6,0.0
314,Jordan,F,25-34,6,0.0
314,Jordan,F,35-49,6,0.0
384,Jordan,M,15-24,2,33.1
384,Jordan,M,25-34,2,31.8
384,Jordan,M,35-49,2,25.1
104,Jordan,M,15-24,3,19.8
104,Jordan,M,25-34,3,18.2
104,Jordan,M,35-49,3,13.8
34,Jordan,M,15-24,1,12.0
34,Jordan,M,25-34,1,6.8
34,Jordan,M,35-49,1,4.8
174,Jordan,M,15-24,4,21.1
174,Jordan,M,25-34,4,18.4
174,Jordan,M,35-49,4,15.2
244,Jordan,M,15-24,5,15.6
244,Jordan,M,25-34,5,13.5
244,Jordan,M,35-49,5,9.6
314,Jordan,M,15-24,6,0.0
314,Jordan,M,25-34,6,0.0
314,Jordan,M,35-49,6,0.0
385,Kenya,F,15-24,2,42.0
385,Kenya,F,25-34,2,39.8
385,Kenya,F,35-49,2,44.0
105,Kenya,F,15-24,3,20.9
105,Kenya,F,25-34,3,20.1
105,Kenya,F,35-49,3,22.1
35,Kenya,F,15-24,1,7.0
35,Kenya,F,25-34,1,6.4
35,Kenya,F,35-49,1,7.9
175,Kenya,F,15-24,4,21.5
175,Kenya,F,25-34,4,21.1
175,Kenya,F,35-49,4,23.0
245,Kenya,F,15-24,5,33.1
245,Kenya,F,25-34,5,31.7
245,Kenya,F,35-49,5,35.4
315,Kenya,F,15-24,6,12.2
315,Kenya,F,25-34,6,14.4
315,Kenya,F,35-49,6,19.9
385,Kenya,M,15-24,2,38.6
385,Kenya,M,25-34,2,36.2
385,Kenya,M,35-49,2,33.6
105,Kenya,M,15-24,3,20.7
105,Kenya,M,25-34,3,20.9
105,Kenya,M,35-49,3,19.8
35,Kenya,M,15-24,1,5.2
35,Kenya,M,25-34,1,4.6
35,Kenya,M,35-49,1,3.6
175,Kenya,M,15-24,4,18.1
175,Kenya,M,25-34,4,18.9
175,Kenya,M,35-49,4,18.6
245,Kenya,M,15-24,5,27.9
245,Kenya,M,25-34,5,28.6
245,Kenya,M,35-49,5,25.3
315,Kenya,M,15-24,6,10.6
315,Kenya,M,25-34,6,9.6
315,Kenya,M,35-49,6,9.2
386,Kyrgyz Republic,F,15-24,2,27.9
386,Kyrgyz Republic,F,25-34,2,38.0
386,Kyrgyz Republic,F,35-49,2,36.8
106,Kyrgyz Republic,F,15-24,3,13.6
106,Kyrgyz Republic,F,25-34,3,19.0
106,Kyrgyz Republic,F,35-49,3,18.5
36,Kyrgyz Republic,F,15-24,1,4.4
36,Kyrgyz Republic,F,25-34,1,7.6
36,Kyrgyz Republic,F,35-49,1,7.3
176,Kyrgyz Republic,F,15-24,4,18.2
176,Kyrgyz Republic,F,25-34,4,26.1
176,Kyrgyz Republic,F,35-49,4,26.2
246,Kyrgyz Republic,F,15-24,5,21.8
246,Kyrgyz Republic,F,25-34,5,29.1
246,Kyrgyz Republic,F,35-49,5,27.1
316,Kyrgyz Republic,F,15-24,6,4.5
316,Kyrgyz Republic,F,25-34,6,9.5
316,Kyrgyz Republic,F,35-49,6,8.8
386,Kyrgyz Republic,M,15-24,2,47.4
386,Kyrgyz Republic,M,25-34,2,56.2
386,Kyrgyz Republic,M,35-49,2,48.3
106,Kyrgyz Republic,M,15-24,3,18.7
106,Kyrgyz Republic,M,25-34,3,27.9
106,Kyrgyz Republic,M,35-49,3,25.0
36,Kyrgyz Republic,M,15-24,1,6.7
36,Kyrgyz Republic,M,25-34,1,4.3
36,Kyrgyz Republic,M,35-49,1,3.7
176,Kyrgyz Republic,M,15-24,4,30.7
176,Kyrgyz Republic,M,25-34,4,42.9
176,Kyrgyz Republic,M,35-49,4,35.2
246,Kyrgyz Republic,M,15-24,5,42.2
246,Kyrgyz Republic,M,25-34,5,49.9
246,Kyrgyz Republic,M,35-49,5,43.1
316,Kyrgyz Republic,M,15-24,6,7.0
316,Kyrgyz Republic,M,25-34,6,5.5
316,Kyrgyz Republic,M,35-49,6,4.5
387,Lesotho,F,15-24,2,41.3
387,Lesotho,F,25-34,2,27.8
387,Lesotho,F,35-49,2,27.3
107,Lesotho,F,15-24,3,31.1
107,Lesotho,F,25-34,3,20.8
107,Lesotho,F,35-49,3,18.9
37,Lesotho,F,15-24,1,8.5
37,Lesotho,F,25-34,1,4.7
37,Lesotho,F,35-49,1,4.9
177,Lesotho,F,15-24,4,13.3
177,Lesotho,F,25-34,4,8.8
177,Lesotho,F,35-49,4,9.0
247,Lesotho,F,15-24,5,27.5
247,Lesotho,F,25-34,5,17.7
247,Lesotho,F,35-49,5,18.3
317,Lesotho,F,15-24,6,10.3
317,Lesotho,F,25-34,6,8.3
317,Lesotho,F,35-49,6,9.4
387,Lesotho,M,15-24,2,46.2
387,Lesotho,M,25-34,2,35.8
387,Lesotho,M,35-49,2,31.5
107,Lesotho,M,15-24,3,29.7
107,Lesotho,M,25-34,3,22.4
107,Lesotho,M,35-49,3,22.3
37,Lesotho,M,15-24,1,8.5
37,Lesotho,M,25-34,1,3.9
37,Lesotho,M,35-49,1,5.2
177,Lesotho,M,15-24,4,15.7
177,Lesotho,M,25-34,4,14.5
177,Lesotho,M,35-49,4,16.9
247,Lesotho,M,15-24,5,31.7
247,Lesotho,M,25-34,5,23.2
247,Lesotho,M,35-49,5,18.8
317,Lesotho,M,15-24,6,9.6
317,Lesotho,M,25-34,6,7.9
317,Lesotho,M,35-49,6,10.0
388,Liberia,F,15-24,2,44.3
388,Liberia,F,25-34,2,41.8
388,Liberia,F,35-49,2,40.8
108,Liberia,F,15-24,3,34.2
108,Liberia,F,25-34,3,32.7
108,Liberia,F,35-49,3,32.1
38,Liberia,F,15-24,1,7.8
38,Liberia,F,25-34,1,7.4
38,Liberia,F,35-49,1,6.8
178,Liberia,F,15-24,4,29.2
178,Liberia,F,25-34,4,28.3
178,Liberia,F,35-49,4,27.7
248,Liberia,F,15-24,5,34.5
248,Liberia,F,25-34,5,31.1
248,Liberia,F,35-49,5,30.3
318,Liberia,F,15-24,6,10.2
318,Liberia,F,25-34,6,11.0
318,Liberia,F,35-49,6,11.0
388,Liberia,M,15-24,2,28.1
388,Liberia,M,25-34,2,25.9
388,Liberia,M,35-49,2,17.8
108,Liberia,M,15-24,3,21.2
108,Liberia,M,25-34,3,19.3
108,Liberia,M,35-49,3,13.2
38,Liberia,M,15-24,1,4.1
38,Liberia,M,25-34,1,2.5
38,Liberia,M,35-49,1,1.0
178,Liberia,M,15-24,4,16.3
178,Liberia,M,25-34,4,14.3
178,Liberia,M,35-49,4,10.9
248,Liberia,M,15-24,5,18.0
248,Liberia,M,25-34,5,13.2
248,Liberia,M,35-49,5,11.7
318,Liberia,M,15-24,6,5.3
318,Liberia,M,25-34,6,3.5
318,Liberia,M,35-49,6,3.1
389,Madagascar,F,15-24,2,34.7
389,Madagascar,F,25-34,2,31.6
389,Madagascar,F,35-49,2,29.9
109,Madagascar,F,15-24,3,6.4
109,Madagascar,F,25-34,3,5.8
109,Madagascar,F,35-49,3,5.5
39,Madagascar,F,15-24,1,8.4
39,Madagascar,F,25-34,1,6.6
39,Madagascar,F,35-49,1,6.4
179,Madagascar,F,15-24,4,20.6
179,Madagascar,F,25-34,4,19.0
179,Madagascar,F,35-49,4,17.6
249,Madagascar,F,15-24,5,30.0
249,Madagascar,F,25-34,5,27.8
249,Madagascar,F,35-49,5,26.2
319,Madagascar,F,15-24,6,9.7
319,Madagascar,F,25-34,6,9.1
319,Madagascar,F,35-49,6,8.7
389,Madagascar,M,15-24,2,33.9
389,Madagascar,M,25-34,2,29.7
389,Madagascar,M,35-49,2,25.5
109,Madagascar,M,15-24,3,10.0
109,Madagascar,M,25-34,3,9.0
109,Madagascar,M,35-49,3,7.6
39,Madagascar,M,15-24,1,7.1
39,Madagascar,M,25-34,1,6.6
39,Madagascar,M,35-49,1,5.2
179,Madagascar,M,15-24,4,21.2
179,Madagascar,M,25-34,4,18.7
179,Madagascar,M,35-49,4,16.2
249,Madagascar,M,15-24,5,27.1
249,Madagascar,M,25-34,5,23.9
249,Madagascar,M,35-49,5,20.8
319,Madagascar,M,15-24,6,9.3
319,Madagascar,M,25-34,6,8.4
319,Madagascar,M,35-49,6,6.3
390,Malawi,F,15-24,2,18.6
390,Malawi,F,25-34,2,14.6
390,Malawi,F,35-49,2,14.7
110,Malawi,F,15-24,3,8.0
110,Malawi,F,25-34,3,5.7
110,Malawi,F,35-49,3,5.8
40,Malawi,F,15-24,1,6.6
40,Malawi,F,25-34,1,4.6
40,Malawi,F,35-49,1,5.0
180,Malawi,F,15-24,4,8.2
180,Malawi,F,25-34,4,5.6
180,Malawi,F,35-49,4,6.3
250,Malawi,F,15-24,5,10.5
250,Malawi,F,25-34,5,7.6
250,Malawi,F,35-49,5,7.4
320,Malawi,F,15-24,6,8.7
320,Malawi,F,25-34,6,8.0
320,Malawi,F,35-49,6,8.2
390,Malawi,M,15-24,2,19.6
390,Malawi,M,25-34,2,8.8
390,Malawi,M,35-49,2,6.4
110,Malawi,M,15-24,3,8.4
110,Malawi,M,25-34,3,2.9
110,Malawi,M,35-49,3,2.4
40,Malawi,M,15-24,1,3.5
40,Malawi,M,25-34,1,1.5
40,Malawi,M,35-49,1,1.0
180,Malawi,M,15-24,4,7.2
180,Malawi,M,25-34,4,3.1
180,Malawi,M,35-49,4,2.4
250,Malawi,M,15-24,5,10.6
250,Malawi,M,25-34,5,3.3
250,Malawi,M,35-49,5,2.7
320,Malawi,M,15-24,6,7.3
320,Malawi,M,25-34,6,3.5
320,Malawi,M,35-49,6,2.2
391,Maldives,F,15-24,2,27.3
391,Maldives,F,25-34,2,19.4
391,Maldives,F,35-49,2,20.0
111,Maldives,F,15-24,3,0.0
111,Maldives,F,25-34,3,0.0
111,Maldives,F,35-49,3,0.0
41,Maldives,F,15-24,1,0.0
41,Maldives,F,25-34,1,0.0
41,Maldives,F,35-49,1,0.0
181,Maldives,F,15-24,4,3.8
181,Maldives,F,25-34,4,4.1
181,Maldives,F,35-49,4,5.8
251,Maldives,F,15-24,5,21.2
251,Maldives,F,25-34,5,14.6
251,Maldives,F,35-49,5,12.7
321,Maldives,F,15-24,6,10.2
321,Maldives,F,25-34,6,9.1
321,Maldives,F,35-49,6,11.2
391,Maldives,M,15-24,2,24.9
391,Maldives,M,25-34,2,15.9
391,Maldives,M,35-49,2,12.2
111,Maldives,M,15-24,3,0.0
111,Maldives,M,25-34,3,0.0
111,Maldives,M,35-49,3,0.0
41,Maldives,M,15-24,1,0.0
41,Maldives,M,25-34,1,0.0
41,Maldives,M,35-49,1,0.0
181,Maldives,M,15-24,4,4.1
181,Maldives,M,25-34,4,1.6
181,Maldives,M,35-49,4,2.0
251,Maldives,M,15-24,5,19.5
251,Maldives,M,25-34,5,13.2
251,Maldives,M,35-49,5,9.3
321,Maldives,M,15-24,6,6.7
321,Maldives,M,25-34,6,4.2
321,Maldives,M,35-49,6,3.4
392,Mali,F,15-24,2,76.5
392,Mali,F,25-34,2,81.4
392,Mali,F,35-49,2,81.0
112,Mali,F,15-24,3,65.5
112,Mali,F,25-34,3,70.8
112,Mali,F,35-49,3,69.8
42,Mali,F,15-24,1,22.2
42,Mali,F,25-34,1,22.9
42,Mali,F,35-49,1,22.8
182,Mali,F,15-24,4,51.4
182,Mali,F,25-34,4,55.3
182,Mali,F,35-49,4,55.2
252,Mali,F,15-24,5,50.3
252,Mali,F,25-34,5,53.1
252,Mali,F,35-49,5,52.0
322,Mali,F,15-24,6,59.4
322,Mali,F,25-34,6,64.5
322,Mali,F,35-49,6,65.5
392,Mali,M,15-24,2,50.9
392,Mali,M,25-34,2,44.9
392,Mali,M,35-49,2,44.7
112,Mali,M,15-24,3,43.4
112,Mali,M,25-34,3,35.9
112,Mali,M,35-49,3,35.4
42,Mali,M,15-24,1,13.3
42,Mali,M,25-34,1,9.0
42,Mali,M,35-49,1,11.2
182,Mali,M,15-24,4,24.8
182,Mali,M,25-34,4,21.2
182,Mali,M,35-49,4,19.9
252,Mali,M,15-24,5,27.3
252,Mali,M,25-34,5,23.8
252,Mali,M,35-49,5,24.1
322,Mali,M,15-24,6,26.6
322,Mali,M,25-34,6,21.2
322,Mali,M,35-49,6,23.2
393,Moldova,F,15-24,2,21.4
393,Moldova,F,25-34,2,20.3
393,Moldova,F,35-49,2,20.6
113,Moldova,F,15-24,3,4.6
113,Moldova,F,25-34,3,4.7
113,Moldova,F,35-49,3,5.8
43,Moldova,F,15-24,1,4.2
43,Moldova,F,25-34,1,4.2
43,Moldova,F,35-49,1,4.4
183,Moldova,F,15-24,4,6.1
183,Moldova,F,25-34,4,6.9
183,Moldova,F,35-49,4,8.4
253,Moldova,F,15-24,5,18.9
253,Moldova,F,25-34,5,17.3
253,Moldova,F,35-49,5,17.5
323,Moldova,F,15-24,6,2.4
323,Moldova,F,25-34,6,2.9
323,Moldova,F,35-49,6,3.6
393,Moldova,M,15-24,2,24.3
393,Moldova,M,25-34,2,18.5
393,Moldova,M,35-49,2,23.7
113,Moldova,M,15-24,3,8.2
113,Moldova,M,25-34,3,5.4
113,Moldova,M,35-49,3,8.3
43,Moldova,M,15-24,1,3.5
43,Moldova,M,25-34,1,1.6
43,Moldova,M,35-49,1,2.5
183,Moldova,M,15-24,4,8.6
183,Moldova,M,25-34,4,8.6
183,Moldova,M,35-49,4,11.8
253,Moldova,M,15-24,5,20.8
253,Moldova,M,25-34,5,16.5
253,Moldova,M,35-49,5,17.8
323,Moldova,M,15-24,6,3.9
323,Moldova,M,25-34,6,2.7
323,Moldova,M,35-49,6,3.8
394,Morocco,F,15-24,2,63.6
394,Morocco,F,25-34,2,63.0
394,Morocco,F,35-49,2,65.0
114,Morocco,F,15-24,3,49.9
114,Morocco,F,25-34,3,50.0
114,Morocco,F,35-49,3,52.4
44,Morocco,F,15-24,1,23.0
44,Morocco,F,25-34,1,22.9
44,Morocco,F,35-49,1,24.9
184,Morocco,F,15-24,4,48.2
184,Morocco,F,25-34,4,49.9
184,Morocco,F,35-49,4,50.7
254,Morocco,F,15-24,5,49.8
254,Morocco,F,25-34,5,48.3
254,Morocco,F,35-49,5,49.8
324,Morocco,F,15-24,6,39.0
324,Morocco,F,25-34,6,41.8
324,Morocco,F,35-49,6,47.9
394,Morocco,M,15-24,2,0.0
394,Morocco,M,25-34,2,0.0
394,Morocco,M,35-49,2,0.0
114,Morocco,M,15-24,3,0.0
114,Morocco,M,25-34,3,0.0
114,Morocco,M,35-49,3,0.0
44,Morocco,M,15-24,1,0.0
44,Morocco,M,25-34,1,0.0
44,Morocco,M,35-49,1,0.0
184,Morocco,M,15-24,4,0.0
184,Morocco,M,25-34,4,0.0
184,Morocco,M,35-49,4,0.0
254,Morocco,M,15-24,5,0.0
254,Morocco,M,25-34,5,0.0
254,Morocco,M,35-49,5,0.0
324,Morocco,M,15-24,6,0.0
324,Morocco,M,25-34,6,0.0
324,Morocco,M,35-49,6,0.0
395,Mozambique,F,15-24,2,13.3
395,Mozambique,F,25-34,2,12.7
395,Mozambique,F,35-49,2,13.8
115,Mozambique,F,15-24,3,6.2
115,Mozambique,F,25-34,3,6.3
115,Mozambique,F,35-49,3,7.3
45,Mozambique,F,15-24,1,2.4
45,Mozambique,F,25-34,1,2.4
45,Mozambique,F,35-49,1,2.4
185,Mozambique,F,15-24,4,6.9
185,Mozambique,F,25-34,4,7.4
185,Mozambique,F,35-49,4,8.3
255,Mozambique,F,15-24,5,4.3
255,Mozambique,F,25-34,5,3.7
255,Mozambique,F,35-49,5,4.7
325,Mozambique,F,15-24,6,4.9
325,Mozambique,F,25-34,6,5.4
325,Mozambique,F,35-49,6,6.0
395,Mozambique,M,15-24,2,18.6
395,Mozambique,M,25-34,2,15.6
395,Mozambique,M,35-49,2,14.7
115,Mozambique,M,15-24,3,9.7
115,Mozambique,M,25-34,3,8.1
115,Mozambique,M,35-49,3,7.6
45,Mozambique,M,15-24,1,6.6
45,Mozambique,M,25-34,1,5.0
45,Mozambique,M,35-49,1,4.3
185,Mozambique,M,15-24,4,9.3
185,Mozambique,M,25-34,4,7.1
185,Mozambique,M,35-49,4,5.9
255,Mozambique,M,15-24,5,9.7
255,Mozambique,M,25-34,5,6.5
255,Mozambique,M,35-49,5,5.2
325,Mozambique,M,15-24,6,7.6
325,Mozambique,M,25-34,6,6.6
325,Mozambique,M,35-49,6,5.4
396,Myanmar,F,15-24,2,53.0
396,Myanmar,F,25-34,2,51.6
396,Myanmar,F,35-49,2,49.6
116,Myanmar,F,15-24,3,9.2
116,Myanmar,F,25-34,3,9.8
116,Myanmar,F,35-49,3,11.1
46,Myanmar,F,15-24,1,11.1
46,Myanmar,F,25-34,1,12.7
46,Myanmar,F,35-49,1,13.9
186,Myanmar,F,15-24,4,18.2
186,Myanmar,F,25-34,4,21.7
186,Myanmar,F,35-49,4,23.9
256,Myanmar,F,15-24,5,43.4
256,Myanmar,F,25-34,5,42.5
256,Myanmar,F,35-49,5,40.8
326,Myanmar,F,15-24,6,9.3
326,Myanmar,F,25-34,6,9.7
326,Myanmar,F,35-49,6,11.7
396,Myanmar,M,15-24,2,55.8
396,Myanmar,M,25-34,2,49.0
396,Myanmar,M,35-49,2,43.9
116,Myanmar,M,15-24,3,14.6
116,Myanmar,M,25-34,3,12.1
116,Myanmar,M,35-49,3,13.0
46,Myanmar,M,15-24,1,9.8
46,Myanmar,M,25-34,1,6.7
46,Myanmar,M,35-49,1,7.7
186,Myanmar,M,15-24,4,19.1
186,Myanmar,M,25-34,4,14.2
186,Myanmar,M,35-49,4,16.3
256,Myanmar,M,15-24,5,46.2
256,Myanmar,M,25-34,5,39.8
256,Myanmar,M,35-49,5,35.0
326,Myanmar,M,15-24,6,14.6
326,Myanmar,M,25-34,6,8.8
326,Myanmar,M,35-49,6,7.7
397,Namibia,F,15-24,2,27.7
397,Namibia,F,25-34,2,29.1
397,Namibia,F,35-49,2,28.0
117,Namibia,F,15-24,3,10.0
117,Namibia,F,25-34,3,13.2
117,Namibia,F,35-49,3,12.0
47,Namibia,F,15-24,1,9.3
47,Namibia,F,25-34,1,10.9
47,Namibia,F,35-49,1,10.1
187,Namibia,F,15-24,4,11.8
187,Namibia,F,25-34,4,13.2
187,Namibia,F,35-49,4,14.2
257,Namibia,F,15-24,5,19.1
257,Namibia,F,25-34,5,20.7
257,Namibia,F,35-49,5,20.1
327,Namibia,F,15-24,6,6.2
327,Namibia,F,25-34,6,9.3
327,Namibia,F,35-49,6,8.6
397,Namibia,M,15-24,2,26.7
397,Namibia,M,25-34,2,18.5
397,Namibia,M,35-49,2,18.0
117,Namibia,M,15-24,3,11.7
117,Namibia,M,25-34,3,8.2
117,Namibia,M,35-49,3,6.9
47,Namibia,M,15-24,1,6.1
47,Namibia,M,25-34,1,3.6
47,Namibia,M,35-49,1,3.4
187,Namibia,M,15-24,4,11.9
187,Namibia,M,25-34,4,7.4
187,Namibia,M,35-49,4,8.6
257,Namibia,M,15-24,5,16.2
257,Namibia,M,25-34,5,12.0
257,Namibia,M,35-49,5,13.9
327,Namibia,M,15-24,6,3.6
327,Namibia,M,25-34,6,3.1
327,Namibia,M,35-49,6,1.5
398,Nepal,F,15-24,2,30.3
398,Nepal,F,25-34,2,28.2
398,Nepal,F,35-49,2,26.8
118,Nepal,F,15-24,3,8.6
118,Nepal,F,25-34,3,8.7
118,Nepal,F,35-49,3,9.3
48,Nepal,F,15-24,1,2.9
48,Nepal,F,25-34,1,3.3
48,Nepal,F,35-49,1,4.0
188,Nepal,F,15-24,4,10.1
188,Nepal,F,25-34,4,12.1
188,Nepal,F,35-49,4,13.2
258,Nepal,F,15-24,5,25.8
258,Nepal,F,25-34,5,24.5
258,Nepal,F,35-49,5,22.6
328,Nepal,F,15-24,6,2.5
328,Nepal,F,25-34,6,3.0
328,Nepal,F,35-49,6,3.7
398,Nepal,M,15-24,2,27.8
398,Nepal,M,25-34,2,19.5
398,Nepal,M,35-49,2,20.1
118,Nepal,M,15-24,3,10.0
118,Nepal,M,25-34,3,7.3
118,Nepal,M,35-49,3,8.4
48,Nepal,M,15-24,1,2.2
48,Nepal,M,25-34,1,0.9
48,Nepal,M,35-49,1,1.4
188,Nepal,M,15-24,4,10.9
188,Nepal,M,25-34,4,8.0
188,Nepal,M,35-49,4,8.8
258,Nepal,M,15-24,5,24.0
258,Nepal,M,25-34,5,15.8
258,Nepal,M,35-49,5,14.7
328,Nepal,M,15-24,6,4.9
328,Nepal,M,25-34,6,3.0
328,Nepal,M,35-49,6,3.2
399,Nicaragua,F,15-24,2,10.3
399,Nicaragua,F,25-34,2,14.5
399,Nicaragua,F,35-49,2,13.9
119,Nicaragua,F,15-24,3,3.4
119,Nicaragua,F,25-34,3,5.0
119,Nicaragua,F,35-49,3,5.2
49,Nicaragua,F,15-24,1,3.7
49,Nicaragua,F,25-34,1,5.3
49,Nicaragua,F,35-49,1,5.0
189,Nicaragua,F,15-24,4,4.8
189,Nicaragua,F,25-34,4,6.8
189,Nicaragua,F,35-49,4,6.3
259,Nicaragua,F,15-24,5,7.8
259,Nicaragua,F,25-34,5,11.4
259,Nicaragua,F,35-49,5,9.9
329,Nicaragua,F,15-24,6,1.8
329,Nicaragua,F,25-34,6,3.9
329,Nicaragua,F,35-49,6,3.3
399,Nicaragua,M,15-24,2,0.0
399,Nicaragua,M,25-34,2,0.0
399,Nicaragua,M,35-49,2,0.0
119,Nicaragua,M,15-24,3,0.0
119,Nicaragua,M,25-34,3,0.0
119,Nicaragua,M,35-49,3,0.0
49,Nicaragua,M,15-24,1,0.0
49,Nicaragua,M,25-34,1,0.0
49,Nicaragua,M,35-49,1,0.0
189,Nicaragua,M,15-24,4,0.0
189,Nicaragua,M,25-34,4,0.0
189,Nicaragua,M,35-49,4,0.0
259,Nicaragua,M,15-24,5,0.0
259,Nicaragua,M,25-34,5,0.0
259,Nicaragua,M,35-49,5,0.0
329,Nicaragua,M,15-24,6,0.0
329,Nicaragua,M,25-34,6,0.0
329,Nicaragua,M,35-49,6,0.0
400,Niger,F,15-24,2,57.5
400,Niger,F,25-34,2,61.0
400,Niger,F,35-49,2,60.2
120,Niger,F,15-24,3,49.2
120,Niger,F,25-34,3,51.4
120,Niger,F,35-49,3,50.5
50,Niger,F,15-24,1,32.3
50,Niger,F,25-34,1,37.0
50,Niger,F,35-49,1,34.2
190,Niger,F,15-24,4,41.7
190,Niger,F,25-34,4,44.3
190,Niger,F,35-49,4,41.8
260,Niger,F,15-24,5,40.9
260,Niger,F,25-34,5,43.9
260,Niger,F,35-49,5,40.8
330,Niger,F,15-24,6,46.4
330,Niger,F,25-34,6,52.2
330,Niger,F,35-49,6,51.8
400,Niger,M,15-24,2,36.7
400,Niger,M,25-34,2,25.0
400,Niger,M,35-49,2,19.9
120,Niger,M,15-24,3,28.6
120,Niger,M,25-34,3,17.6
120,Niger,M,35-49,3,13.9
50,Niger,M,15-24,1,12.8
50,Niger,M,25-34,1,7.8
50,Niger,M,35-49,1,6.9
190,Niger,M,15-24,4,22.9
190,Niger,M,25-34,4,12.8
190,Niger,M,35-49,4,12.1
260,Niger,M,15-24,5,22.6
260,Niger,M,25-34,5,13.3
260,Niger,M,35-49,5,11.3
330,Niger,M,15-24,6,19.5
330,Niger,M,25-34,6,11.7
330,Niger,M,35-49,6,10.7
401,Nigeria,F,15-24,2,35.3
401,Nigeria,F,25-34,2,35.1
401,Nigeria,F,35-49,2,33.7
121,Nigeria,F,15-24,3,21.7
121,Nigeria,F,25-34,3,21.4
121,Nigeria,F,35-49,3,20.7
51,Nigeria,F,15-24,1,14.0
51,Nigeria,F,25-34,1,15.0
51,Nigeria,F,35-49,1,13.7
191,Nigeria,F,15-24,4,25.1
191,Nigeria,F,25-34,4,25.6
191,Nigeria,F,35-49,4,25.2
261,Nigeria,F,15-24,5,25.2
261,Nigeria,F,25-34,5,24.8
261,Nigeria,F,35-49,5,23.6
331,Nigeria,F,15-24,6,18.2
331,Nigeria,F,25-34,6,19.7
331,Nigeria,F,35-49,6,18.5
401,Nigeria,M,15-24,2,27.3
401,Nigeria,M,25-34,2,24.7
401,Nigeria,M,35-49,2,21.6
121,Nigeria,M,15-24,3,14.6
121,Nigeria,M,25-34,3,12.4
121,Nigeria,M,35-49,3,11.9
51,Nigeria,M,15-24,1,9.3
51,Nigeria,M,25-34,1,7.5
51,Nigeria,M,35-49,1,6.5
191,Nigeria,M,15-24,4,14.5
191,Nigeria,M,25-34,4,13.2
191,Nigeria,M,35-49,4,12.0
261,Nigeria,M,15-24,5,15.6
261,Nigeria,M,25-34,5,13.8
261,Nigeria,M,35-49,5,12.0
331,Nigeria,M,15-24,6,11.4
331,Nigeria,M,25-34,6,11.4
331,Nigeria,M,35-49,6,10.6
402,Pakistan,F,15-24,2,45.1
402,Pakistan,F,25-34,2,40.5
402,Pakistan,F,35-49,2,39.6
122,Pakistan,F,15-24,3,35.0
122,Pakistan,F,25-34,3,30.9
122,Pakistan,F,35-49,3,30.6
52,Pakistan,F,15-24,1,20.1
52,Pakistan,F,25-34,1,17.8
52,Pakistan,F,35-49,1,17.9
192,Pakistan,F,15-24,4,35.7
192,Pakistan,F,25-34,4,31.2
192,Pakistan,F,35-49,4,29.6
262,Pakistan,F,15-24,5,31.1
262,Pakistan,F,25-34,5,27.8
262,Pakistan,F,35-49,5,26.1
332,Pakistan,F,15-24,6,28.9
332,Pakistan,F,25-34,6,26.7
332,Pakistan,F,35-49,6,27.3
402,Pakistan,M,15-24,2,46.9
402,Pakistan,M,25-34,2,37.8
402,Pakistan,M,35-49,2,35.4
122,Pakistan,M,15-24,3,27.4
122,Pakistan,M,25-34,3,21.8
122,Pakistan,M,35-49,3,17.8
52,Pakistan,M,15-24,1,6.9
52,Pakistan,M,25-34,1,4.4
52,Pakistan,M,35-49,1,3.4
192,Pakistan,M,15-24,4,35.7
192,Pakistan,M,25-34,4,28.9
192,Pakistan,M,35-49,4,25.3
262,Pakistan,M,15-24,5,22.1
262,Pakistan,M,25-34,5,18.6
262,Pakistan,M,35-49,5,18.3
332,Pakistan,M,15-24,6,12.9
332,Pakistan,M,25-34,6,8.8
332,Pakistan,M,35-49,6,9.2
403,Peru,F,15-24,2,4.0
403,Peru,F,25-34,2,2.7
403,Peru,F,35-49,2,3.7
123,Peru,F,15-24,3,0.9
123,Peru,F,25-34,3,0.7
123,Peru,F,35-49,3,0.9
53,Peru,F,15-24,1,1.2
53,Peru,F,25-34,1,0.8
53,Peru,F,35-49,1,1.1
193,Peru,F,15-24,4,1.1
193,Peru,F,25-34,4,0.9
193,Peru,F,35-49,4,1.3
263,Peru,F,15-24,5,2.6
263,Peru,F,25-34,5,1.7
263,Peru,F,35-49,5,2.4
333,Peru,F,15-24,6,0.6
333,Peru,F,25-34,6,0.4
333,Peru,F,35-49,6,0.8
403,Peru,M,15-24,2,0.0
403,Peru,M,25-34,2,0.0
403,Peru,M,35-49,2,0.0
123,Peru,M,15-24,3,0.0
123,Peru,M,25-34,3,0.0
123,Peru,M,35-49,3,0.0
53,Peru,M,15-24,1,0.0
53,Peru,M,25-34,1,0.0
53,Peru,M,35-49,1,0.0
193,Peru,M,15-24,4,0.0
193,Peru,M,25-34,4,0.0
193,Peru,M,35-49,4,0.0
263,Peru,M,15-24,5,0.0
263,Peru,M,25-34,5,0.0
263,Peru,M,35-49,5,0.0
333,Peru,M,15-24,6,0.0
333,Peru,M,25-34,6,0.0
333,Peru,M,35-49,6,0.0
404,Philippines,F,15-24,2,11.6
404,Philippines,F,25-34,2,10.7
404,Philippines,F,35-49,2,10.4
124,Philippines,F,15-24,3,2.3
124,Philippines,F,25-34,3,2.0
124,Philippines,F,35-49,3,2.2
54,Philippines,F,15-24,1,1.7
54,Philippines,F,25-34,1,1.0
54,Philippines,F,35-49,1,1.1
194,Philippines,F,15-24,4,3.3
194,Philippines,F,25-34,4,3.4
194,Philippines,F,35-49,4,3.5
264,Philippines,F,15-24,5,9.5
264,Philippines,F,25-34,5,8.2
264,Philippines,F,35-49,5,7.9
334,Philippines,F,15-24,6,1.6
334,Philippines,F,25-34,6,1.3
334,Philippines,F,35-49,6,1.1
404,Philippines,M,15-24,2,0.0
404,Philippines,M,25-34,2,0.0
404,Philippines,M,35-49,2,0.0
124,Philippines,M,15-24,3,0.0
124,Philippines,M,25-34,3,0.0
124,Philippines,M,35-49,3,0.0
54,Philippines,M,15-24,1,0.0
54,Philippines,M,25-34,1,0.0
54,Philippines,M,35-49,1,0.0
194,Philippines,M,15-24,4,0.0
194,Philippines,M,25-34,4,0.0
194,Philippines,M,35-49,4,0.0
264,Philippines,M,15-24,5,0.0
264,Philippines,M,25-34,5,0.0
264,Philippines,M,35-49,5,0.0
334,Philippines,M,15-24,6,0.0
334,Philippines,M,25-34,6,0.0
334,Philippines,M,35-49,6,0.0
405,Rwanda,F,15-24,2,43.9
405,Rwanda,F,25-34,2,40.0
405,Rwanda,F,35-49,2,39.6
125,Rwanda,F,15-24,3,21.4
125,Rwanda,F,25-34,3,19.6
125,Rwanda,F,35-49,3,20.0
55,Rwanda,F,15-24,1,9.9
55,Rwanda,F,25-34,1,8.2
55,Rwanda,F,35-49,1,8.3
195,Rwanda,F,15-24,4,24.1
195,Rwanda,F,25-34,4,21.2
195,Rwanda,F,35-49,4,21.1
265,Rwanda,F,15-24,5,32.1
265,Rwanda,F,25-34,5,28.2
265,Rwanda,F,35-49,5,27.2
335,Rwanda,F,15-24,6,24.7
335,Rwanda,F,25-34,6,23.8
335,Rwanda,F,35-49,6,24.8
405,Rwanda,M,15-24,2,22.8
405,Rwanda,M,25-34,2,15.5
405,Rwanda,M,35-49,2,12.9
125,Rwanda,M,15-24,3,6.9
125,Rwanda,M,25-34,3,4.9
125,Rwanda,M,35-49,3,3.6
55,Rwanda,M,15-24,1,2.6
55,Rwanda,M,25-34,1,1.0
55,Rwanda,M,35-49,1,1.1
195,Rwanda,M,15-24,4,8.6
195,Rwanda,M,25-34,4,6.7
195,Rwanda,M,35-49,4,4.8
265,Rwanda,M,15-24,5,15.9
265,Rwanda,M,25-34,5,10.4
265,Rwanda,M,35-49,5,8.6
335,Rwanda,M,15-24,6,9.3
335,Rwanda,M,25-34,6,6.0
335,Rwanda,M,35-49,6,3.5
406,Sao Tome and Principe,F,15-24,2,20.6
406,Sao Tome and Principe,F,25-34,2,20.2
406,Sao Tome and Principe,F,35-49,2,17.2
126,Sao Tome and Principe,F,15-24,3,8.2
126,Sao Tome and Principe,F,25-34,3,6.8
126,Sao Tome and Principe,F,35-49,3,5.7
56,Sao Tome and Principe,F,15-24,1,8.0
56,Sao Tome and Principe,F,25-34,1,6.0
56,Sao Tome and Principe,F,35-49,1,4.6
196,Sao Tome and Principe,F,15-24,4,9.2
196,Sao Tome and Principe,F,25-34,4,12.1
196,Sao Tome and Principe,F,35-49,4,9.5
266,Sao Tome and Principe,F,15-24,5,13.1
266,Sao Tome and Principe,F,25-34,5,10.9
266,Sao Tome and Principe,F,35-49,5,10.8
336,Sao Tome and Principe,F,15-24,6,4.3
336,Sao Tome and Principe,F,25-34,6,7.6
336,Sao Tome and Principe,F,35-49,6,5.2
406,Sao Tome and Principe,M,15-24,2,23.8
406,Sao Tome and Principe,M,25-34,2,21.8
406,Sao Tome and Principe,M,35-49,2,18.2
126,Sao Tome and Principe,M,15-24,3,11.7
126,Sao Tome and Principe,M,25-34,3,9.1
126,Sao Tome and Principe,M,35-49,3,8.6
56,Sao Tome and Principe,M,15-24,1,7.4
56,Sao Tome and Principe,M,25-34,1,5.4
56,Sao Tome and Principe,M,35-49,1,6.1
196,Sao Tome and Principe,M,15-24,4,10.6
196,Sao Tome and Principe,M,25-34,4,13.6
196,Sao Tome and Principe,M,35-49,4,11.5
266,Sao Tome and Principe,M,15-24,5,15.9
266,Sao Tome and Principe,M,25-34,5,13.6
266,Sao Tome and Principe,M,35-49,5,11.5
336,Sao Tome and Principe,M,15-24,6,5.8
336,Sao Tome and Principe,M,25-34,6,3.8
336,Sao Tome and Principe,M,35-49,6,6.6
407,Senegal,F,15-24,2,46.3
407,Senegal,F,25-34,2,45.3
407,Senegal,F,35-49,2,45.3
127,Senegal,F,15-24,3,36.0
127,Senegal,F,25-34,3,34.1
127,Senegal,F,35-49,3,36.1
57,Senegal,F,15-24,1,22.3
57,Senegal,F,25-34,1,21.1
57,Senegal,F,35-49,1,22.9
197,Senegal,F,15-24,4,32.4
197,Senegal,F,25-34,4,33.2
197,Senegal,F,35-49,4,34.4
267,Senegal,F,15-24,5,35.4
267,Senegal,F,25-34,5,34.9
267,Senegal,F,35-49,5,35.8
337,Senegal,F,15-24,6,33.1
337,Senegal,F,25-34,6,35.6
337,Senegal,F,35-49,6,37.8
407,Senegal,M,15-24,2,36.8
407,Senegal,M,25-34,2,22.3
407,Senegal,M,35-49,2,18.5
127,Senegal,M,15-24,3,25.2
127,Senegal,M,25-34,3,15.5
127,Senegal,M,35-49,3,11.4
57,Senegal,M,15-24,1,9.4
57,Senegal,M,25-34,1,4.6
57,Senegal,M,35-49,1,3.2
197,Senegal,M,15-24,4,19.6
197,Senegal,M,25-34,4,10.5
197,Senegal,M,35-49,4,8.8
267,Senegal,M,15-24,5,22.8
267,Senegal,M,25-34,5,12.9
267,Senegal,M,35-49,5,11.4
337,Senegal,M,15-24,6,15.4
337,Senegal,M,25-34,6,9.5
337,Senegal,M,35-49,6,6.7
408,Sierra Leone,F,15-24,2,58.8
408,Sierra Leone,F,25-34,2,66.0
408,Sierra Leone,F,35-49,2,64.8
128,Sierra Leone,F,15-24,3,44.3
128,Sierra Leone,F,25-34,3,49.6
128,Sierra Leone,F,35-49,3,49.7
58,Sierra Leone,F,15-24,1,16.9
58,Sierra Leone,F,25-34,1,19.6
58,Sierra Leone,F,35-49,1,18.7
198,Sierra Leone,F,15-24,4,48.6
198,Sierra Leone,F,25-34,4,56.2
198,Sierra Leone,F,35-49,4,55.3
268,Sierra Leone,F,15-24,5,49.1
268,Sierra Leone,F,25-34,5,55.7
268,Sierra Leone,F,35-49,5,55.0
338,Sierra Leone,F,15-24,6,21.6
338,Sierra Leone,F,25-34,6,28.2
338,Sierra Leone,F,35-49,6,28.8
408,Sierra Leone,M,15-24,2,34.4
408,Sierra Leone,M,25-34,2,35.9
408,Sierra Leone,M,35-49,2,32.6
128,Sierra Leone,M,15-24,3,24.3
128,Sierra Leone,M,25-34,3,26.4
128,Sierra Leone,M,35-49,3,22.5
58,Sierra Leone,M,15-24,1,5.5
58,Sierra Leone,M,25-34,1,5.5
58,Sierra Leone,M,35-49,1,3.6
198,Sierra Leone,M,15-24,4,19.4
198,Sierra Leone,M,25-34,4,21.2
198,Sierra Leone,M,35-49,4,19.1
268,Sierra Leone,M,15-24,5,21.3
268,Sierra Leone,M,25-34,5,23.8
268,Sierra Leone,M,35-49,5,22.0
338,Sierra Leone,M,15-24,6,9.4
338,Sierra Leone,M,25-34,6,10.2
338,Sierra Leone,M,35-49,6,9.3
409,South Africa,F,15-24,2,6.4
409,South Africa,F,25-34,2,5.1
409,South Africa,F,35-49,2,5.1
129,South Africa,F,15-24,3,2.7
129,South Africa,F,25-34,3,2.1
129,South Africa,F,35-49,3,1.9
59,South Africa,F,15-24,1,1.2
59,South Africa,F,25-34,1,1.0
59,South Africa,F,35-49,1,0.7
199,South Africa,F,15-24,4,2.2
199,South Africa,F,25-34,4,2.1
199,South Africa,F,35-49,4,2.0
269,South Africa,F,15-24,5,4.7
269,South Africa,F,25-34,5,3.4
269,South Africa,F,35-49,5,3.4
339,South Africa,F,15-24,6,1.0
339,South Africa,F,25-34,6,0.8
339,South Africa,F,35-49,6,1.1
409,South Africa,M,15-24,2,13.5
409,South Africa,M,25-34,2,7.5
409,South Africa,M,35-49,2,5.7
129,South Africa,M,15-24,3,5.5
129,South Africa,M,25-34,3,3.2
129,South Africa,M,35-49,3,2.1
59,South Africa,M,15-24,1,2.3
59,South Africa,M,25-34,1,1.2
59,South Africa,M,35-49,1,1.4
199,South Africa,M,15-24,4,3.2
199,South Africa,M,25-34,4,3.5
199,South Africa,M,35-49,4,4.6
269,South Africa,M,15-24,5,9.9
269,South Africa,M,25-34,5,4.5
269,South Africa,M,35-49,5,2.8
339,South Africa,M,15-24,6,2.1
339,South Africa,M,25-34,6,0.9
339,South Africa,M,35-49,6,1.7
410,Tajikistan,F,15-24,2,55.7
410,Tajikistan,F,25-34,2,69.7
410,Tajikistan,F,35-49,2,66.5
130,Tajikistan,F,15-24,3,44.5
130,Tajikistan,F,25-34,3,58.2
130,Tajikistan,F,35-49,3,55.5
60,Tajikistan,F,15-24,1,25.0
60,Tajikistan,F,25-34,1,35.0
60,Tajikistan,F,35-49,1,29.3
200,Tajikistan,F,15-24,4,43.4
200,Tajikistan,F,25-34,4,58.3
200,Tajikistan,F,35-49,4,53.5
270,Tajikistan,F,15-24,5,43.1
270,Tajikistan,F,25-34,5,55.3
270,Tajikistan,F,35-49,5,52.4
340,Tajikistan,F,15-24,6,19.6
340,Tajikistan,F,25-34,6,33.1
340,Tajikistan,F,35-49,6,28.4
410,Tajikistan,M,15-24,2,0.0
410,Tajikistan,M,25-34,2,0.0
410,Tajikistan,M,35-49,2,0.0
130,Tajikistan,M,15-24,3,0.0
130,Tajikistan,M,25-34,3,0.0
130,Tajikistan,M,35-49,3,0.0
60,Tajikistan,M,15-24,1,0.0
60,Tajikistan,M,25-34,1,0.0
60,Tajikistan,M,35-49,1,0.0
200,Tajikistan,M,15-24,4,0.0
200,Tajikistan,M,25-34,4,0.0
200,Tajikistan,M,35-49,4,0.0
270,Tajikistan,M,15-24,5,0.0
270,Tajikistan,M,25-34,5,0.0
270,Tajikistan,M,35-49,5,0.0
340,Tajikistan,M,15-24,6,0.0
340,Tajikistan,M,25-34,6,0.0
340,Tajikistan,M,35-49,6,0.0
411,Tanzania,F,15-24,2,59.4
411,Tanzania,F,25-34,2,55.9
411,Tanzania,F,35-49,2,58.3
131,Tanzania,F,15-24,3,42.1
131,Tanzania,F,25-34,3,40.6
131,Tanzania,F,35-49,3,43.2
61,Tanzania,F,15-24,1,19.3
61,Tanzania,F,25-34,1,19.8
61,Tanzania,F,35-49,1,21.7
201,Tanzania,F,15-24,4,40.3
201,Tanzania,F,25-34,4,40.3
201,Tanzania,F,35-49,4,42.2
271,Tanzania,F,15-24,5,48.1
271,Tanzania,F,25-34,5,46.9
271,Tanzania,F,35-49,5,48.5
341,Tanzania,F,15-24,6,26.9
341,Tanzania,F,25-34,6,31.3
341,Tanzania,F,35-49,6,34.5
411,Tanzania,M,15-24,2,47.8
411,Tanzania,M,25-34,2,34.1
411,Tanzania,M,35-49,2,33.0
131,Tanzania,M,15-24,3,30.6
131,Tanzania,M,25-34,3,19.2
131,Tanzania,M,35-49,3,20.4
61,Tanzania,M,15-24,1,9.2
61,Tanzania,M,25-34,1,3.7
61,Tanzania,M,35-49,1,4.7
201,Tanzania,M,15-24,4,26.9
201,Tanzania,M,25-34,4,17.8
201,Tanzania,M,35-49,4,21.1
271,Tanzania,M,15-24,5,37.8
271,Tanzania,M,25-34,5,25.1
271,Tanzania,M,35-49,5,25.7
341,Tanzania,M,15-24,6,16.9
341,Tanzania,M,25-34,6,10.1
341,Tanzania,M,35-49,6,12.5
412,Timor-Leste,F,15-24,2,72.1
412,Timor-Leste,F,25-34,2,76.8
412,Timor-Leste,F,35-49,2,73.8
132,Timor-Leste,F,15-24,3,58.6
132,Timor-Leste,F,25-34,3,62.6
132,Timor-Leste,F,35-49,3,60.1
62,Timor-Leste,F,15-24,1,31.3
62,Timor-Leste,F,25-34,1,32.4
62,Timor-Leste,F,35-49,1,32.0
202,Timor-Leste,F,15-24,4,61.5
202,Timor-Leste,F,25-34,4,67.7
202,Timor-Leste,F,35-49,4,65.1
272,Timor-Leste,F,15-24,5,61.4
272,Timor-Leste,F,25-34,5,65.5
272,Timor-Leste,F,35-49,5,62.0
342,Timor-Leste,F,15-24,6,31.2
342,Timor-Leste,F,25-34,6,39.7
342,Timor-Leste,F,35-49,6,37.6
412,Timor-Leste,M,15-24,2,51.2
412,Timor-Leste,M,25-34,2,55.3
412,Timor-Leste,M,35-49,2,53.2
132,Timor-Leste,M,15-24,3,30.0
132,Timor-Leste,M,25-34,3,31.0
132,Timor-Leste,M,35-49,3,28.5
62,Timor-Leste,M,15-24,1,20.1
62,Timor-Leste,M,25-34,1,19.5
62,Timor-Leste,M,35-49,1,18.8
202,Timor-Leste,M,15-24,4,42.5
202,Timor-Leste,M,25-34,4,47.9
202,Timor-Leste,M,35-49,4,44.8
272,Timor-Leste,M,15-24,5,44.3
272,Timor-Leste,M,25-34,5,48.7
272,Timor-Leste,M,35-49,5,45.9
342,Timor-Leste,M,15-24,6,27.9
342,Timor-Leste,M,25-34,6,29.8
342,Timor-Leste,M,35-49,6,24.9
413,Togo,F,15-24,2,26.8
413,Togo,F,25-34,2,29.6
413,Togo,F,35-49,2,30.0
133,Togo,F,15-24,3,17.4
133,Togo,F,25-34,3,20.8
133,Togo,F,35-49,3,20.5
63,Togo,F,15-24,1,9.9
63,Togo,F,25-34,1,11.4
63,Togo,F,35-49,1,12.5
203,Togo,F,15-24,4,15.2
203,Togo,F,25-34,4,18.3
203,Togo,F,35-49,4,20.2
273,Togo,F,15-24,5,17.6
273,Togo,F,25-34,5,19.6
273,Togo,F,35-49,5,19.6
343,Togo,F,15-24,6,7.8
343,Togo,F,25-34,6,10.8
343,Togo,F,35-49,6,10.3
413,Togo,M,15-24,2,19.6
413,Togo,M,25-34,2,18.2
413,Togo,M,35-49,2,16.2
133,Togo,M,15-24,3,11.5
133,Togo,M,25-34,3,9.6
133,Togo,M,35-49,3,8.9
63,Togo,M,15-24,1,6.8
63,Togo,M,25-34,1,6.3
63,Togo,M,35-49,1,4.3
203,Togo,M,15-24,4,10.7
203,Togo,M,25-34,4,8.8
203,Togo,M,35-49,4,8.9
273,Togo,M,15-24,5,12.2
273,Togo,M,25-34,5,11.9
273,Togo,M,35-49,5,11.1
343,Togo,M,15-24,6,5.5
343,Togo,M,25-34,6,5.5
343,Togo,M,35-49,6,4.2
414,Turkey,F,15-24,2,10.8
414,Turkey,F,25-34,2,11.6
414,Turkey,F,35-49,2,16.4
134,Turkey,F,15-24,3,5.2
134,Turkey,F,25-34,3,5.0
134,Turkey,F,35-49,3,7.9
64,Turkey,F,15-24,1,0.7
64,Turkey,F,25-34,1,1.0
64,Turkey,F,35-49,1,1.7
204,Turkey,F,15-24,4,2.9
204,Turkey,F,25-34,4,4.0
204,Turkey,F,35-49,4,5.8
274,Turkey,F,15-24,5,6.1
274,Turkey,F,25-34,5,8.1
274,Turkey,F,35-49,5,11.5
344,Turkey,F,15-24,6,1.6
344,Turkey,F,25-34,6,2.1
344,Turkey,F,35-49,6,3.6
414,Turkey,M,15-24,2,0.0
414,Turkey,M,25-34,2,0.0
414,Turkey,M,35-49,2,0.0
134,Turkey,M,15-24,3,0.0
134,Turkey,M,25-34,3,0.0
134,Turkey,M,35-49,3,0.0
64,Turkey,M,15-24,1,0.0
64,Turkey,M,25-34,1,0.0
64,Turkey,M,35-49,1,0.0
204,Turkey,M,15-24,4,0.0
204,Turkey,M,25-34,4,0.0
204,Turkey,M,35-49,4,0.0
274,Turkey,M,15-24,5,0.0
274,Turkey,M,25-34,5,0.0
274,Turkey,M,35-49,5,0.0
344,Turkey,M,15-24,6,0.0
344,Turkey,M,25-34,6,0.0
344,Turkey,M,35-49,6,0.0
415,Turkmenistan,F,15-24,2,46.2
415,Turkmenistan,F,25-34,2,55.4
415,Turkmenistan,F,35-49,2,55.2
135,Turkmenistan,F,15-24,3,31.0
135,Turkmenistan,F,25-34,3,34.6
135,Turkmenistan,F,35-49,3,36.3
65,Turkmenistan,F,15-24,1,19.7
65,Turkmenistan,F,25-34,1,22.5
65,Turkmenistan,F,35-49,1,23.6
205,Turkmenistan,F,15-24,4,36.8
205,Turkmenistan,F,25-34,4,41.6
205,Turkmenistan,F,35-49,4,43.3
275,Turkmenistan,F,15-24,5,38.9
275,Turkmenistan,F,25-34,5,46.3
275,Turkmenistan,F,35-49,5,46.9
345,Turkmenistan,F,15-24,6,16.6
345,Turkmenistan,F,25-34,6,22.0
345,Turkmenistan,F,35-49,6,25.7
415,Turkmenistan,M,15-24,2,0.0
415,Turkmenistan,M,25-34,2,0.0
415,Turkmenistan,M,35-49,2,0.0
135,Turkmenistan,M,15-24,3,0.0
135,Turkmenistan,M,25-34,3,0.0
135,Turkmenistan,M,35-49,3,0.0
65,Turkmenistan,M,15-24,1,0.0
65,Turkmenistan,M,25-34,1,0.0
65,Turkmenistan,M,35-49,1,0.0
205,Turkmenistan,M,15-24,4,0.0
205,Turkmenistan,M,25-34,4,0.0
205,Turkmenistan,M,35-49,4,0.0
275,Turkmenistan,M,15-24,5,0.0
275,Turkmenistan,M,25-34,5,0.0
275,Turkmenistan,M,35-49,5,0.0
345,Turkmenistan,M,15-24,6,0.0
345,Turkmenistan,M,25-34,6,0.0
345,Turkmenistan,M,35-49,6,0.0
416,Uganda,F,15-24,2,53.4
416,Uganda,F,25-34,2,45.4
416,Uganda,F,35-49,2,45.8
136,Uganda,F,15-24,3,29.2
136,Uganda,F,25-34,3,23.0
136,Uganda,F,35-49,3,24.6
66,Uganda,F,15-24,1,16.7
66,Uganda,F,25-34,1,10.4
66,Uganda,F,35-49,1,12.3
206,Uganda,F,15-24,4,32.6
206,Uganda,F,25-34,4,27.6
206,Uganda,F,35-49,4,28.6
276,Uganda,F,15-24,5,42.0
276,Uganda,F,25-34,5,36.3
276,Uganda,F,35-49,5,35.2
346,Uganda,F,15-24,6,18.6
346,Uganda,F,25-34,6,16.4
346,Uganda,F,35-49,6,19.1
416,Uganda,M,15-24,2,48.7
416,Uganda,M,25-34,2,35.2
416,Uganda,M,35-49,2,32.5
136,Uganda,M,15-24,3,27.5
136,Uganda,M,25-34,3,20.1
136,Uganda,M,35-49,3,19.7
66,Uganda,M,15-24,1,11.4
66,Uganda,M,25-34,1,3.6
66,Uganda,M,35-49,1,4.3
206,Uganda,M,15-24,4,25.8
206,Uganda,M,25-34,4,20.2
206,Uganda,M,35-49,4,18.2
276,Uganda,M,15-24,5,35.9
276,Uganda,M,25-34,5,23.1
276,Uganda,M,35-49,5,21.1
346,Uganda,M,15-24,6,15.1
346,Uganda,M,25-34,6,7.9
346,Uganda,M,35-49,6,9.8
417,Ukraine,F,15-24,2,2.5
417,Ukraine,F,25-34,2,3.4
417,Ukraine,F,35-49,2,4.3
137,Ukraine,F,15-24,3,0.5
137,Ukraine,F,25-34,3,0.8
137,Ukraine,F,35-49,3,1.2
67,Ukraine,F,15-24,1,0.1
67,Ukraine,F,25-34,1,0.1
67,Ukraine,F,35-49,1,0.2
207,Ukraine,F,15-24,4,0.2
207,Ukraine,F,25-34,4,0.3
207,Ukraine,F,35-49,4,0.7
277,Ukraine,F,15-24,5,2.3
277,Ukraine,F,25-34,5,2.8
277,Ukraine,F,35-49,5,3.7
347,Ukraine,F,15-24,6,0.3
347,Ukraine,F,25-34,6,0.4
347,Ukraine,F,35-49,6,0.7
417,Ukraine,M,15-24,2,8.3
417,Ukraine,M,25-34,2,14.0
417,Ukraine,M,35-49,2,11.1
137,Ukraine,M,15-24,3,4.4
137,Ukraine,M,25-34,3,6.2
137,Ukraine,M,35-49,3,5.0
67,Ukraine,M,15-24,1,0.9
67,Ukraine,M,25-34,1,0.7
67,Ukraine,M,35-49,1,0.6
207,Ukraine,M,15-24,4,3.0
207,Ukraine,M,25-34,4,5.2
207,Ukraine,M,35-49,4,4.4
277,Ukraine,M,15-24,5,6.4
277,Ukraine,M,25-34,5,11.9
277,Ukraine,M,35-49,5,8.8
347,Ukraine,M,15-24,6,1.3
347,Ukraine,M,25-34,6,2.2
347,Ukraine,M,35-49,6,2.0
418,Yemen,F,15-24,2,47.4
418,Yemen,F,25-34,2,48.3
418,Yemen,F,35-49,2,51.8
138,Yemen,F,15-24,3,18.6
138,Yemen,F,25-34,3,19.9
138,Yemen,F,35-49,3,22.3
68,Yemen,F,15-24,1,9.1
68,Yemen,F,25-34,1,10.1
68,Yemen,F,35-49,1,10.1
208,Yemen,F,15-24,4,34.7
208,Yemen,F,25-34,4,35.0
208,Yemen,F,35-49,4,37.8
278,Yemen,F,15-24,5,29.1
278,Yemen,F,25-34,5,29.7
278,Yemen,F,35-49,5,32.0
348,Yemen,F,15-24,6,28.7
348,Yemen,F,25-34,6,33.8
348,Yemen,F,35-49,6,37.6
418,Yemen,M,15-24,2,0.0
418,Yemen,M,25-34,2,0.0
418,Yemen,M,35-49,2,0.0
138,Yemen,M,15-24,3,0.0
138,Yemen,M,25-34,3,0.0
138,Yemen,M,35-49,3,0.0
68,Yemen,M,15-24,1,0.0
68,Yemen,M,25-34,1,0.0
68,Yemen,M,35-49,1,0.0
208,Yemen,M,15-24,4,0.0
208,Yemen,M,25-34,4,0.0
208,Yemen,M,35-49,4,0.0
278,Yemen,M,15-24,5,0.0
278,Yemen,M,25-34,5,0.0
278,Yemen,M,35-49,5,0.0
348,Yemen,M,15-24,6,0.0
348,Yemen,M,25-34,6,0.0
348,Yemen,M,35-49,6,0.0
419,Zambia,F,15-24,2,48.2
419,Zambia,F,25-34,2,45.7
419,Zambia,F,35-49,2,46.2
139,Zambia,F,15-24,3,33.6
139,Zambia,F,25-34,3,33.0
139,Zambia,F,35-49,3,34.0
69,Zambia,F,15-24,1,23.9
69,Zambia,F,25-34,1,23.0
69,Zambia,F,35-49,1,23.5
209,Zambia,F,15-24,4,30.0
209,Zambia,F,25-34,4,29.8
209,Zambia,F,35-49,4,29.4
279,Zambia,F,15-24,5,34.0
279,Zambia,F,25-34,5,32.4
279,Zambia,F,35-49,5,32.5
349,Zambia,F,15-24,6,25.5
349,Zambia,F,25-34,6,29.9
349,Zambia,F,35-49,6,32.7
419,Zambia,M,15-24,2,37.2
419,Zambia,M,25-34,2,29.7
419,Zambia,M,35-49,2,25.8
139,Zambia,M,15-24,3,23.1
139,Zambia,M,25-34,3,18.3
139,Zambia,M,35-49,3,17.1
69,Zambia,M,15-24,1,9.8
69,Zambia,M,25-34,1,6.3
69,Zambia,M,35-49,1,5.0
209,Zambia,M,15-24,4,18.6
209,Zambia,M,25-34,4,15.7
209,Zambia,M,35-49,4,12.7
279,Zambia,M,15-24,5,24.7
279,Zambia,M,25-34,5,17.8
279,Zambia,M,35-49,5,14.6
349,Zambia,M,15-24,6,12.0
349,Zambia,M,25-34,6,9.5
349,Zambia,M,35-49,6,9.7
420,Zimbabwe,F,15-24,2,48.6
420,Zimbabwe,F,25-34,2,34.9
420,Zimbabwe,F,35-49,2,29.4
140,Zimbabwe,F,15-24,3,21.4
140,Zimbabwe,F,25-34,3,14.8
140,Zimbabwe,F,35-49,3,12.3
70,Zimbabwe,F,15-24,1,11.1
70,Zimbabwe,F,25-34,1,6.8
70,Zimbabwe,F,35-49,1,5.5
210,Zimbabwe,F,15-24,4,28.3
210,Zimbabwe,F,25-34,4,21.6
210,Zimbabwe,F,35-49,4,16.7
280,Zimbabwe,F,15-24,5,27.4
280,Zimbabwe,F,25-34,5,18.8
280,Zimbabwe,F,35-49,5,16.0
350,Zimbabwe,F,15-24,6,15.6
350,Zimbabwe,F,25-34,6,14.0
350,Zimbabwe,F,35-49,6,13.6
420,Zimbabwe,M,15-24,2,44.5
420,Zimbabwe,M,25-34,2,27.4
420,Zimbabwe,M,35-49,2,20.7
140,Zimbabwe,M,15-24,3,18.9
140,Zimbabwe,M,25-34,3,11.3
140,Zimbabwe,M,35-49,3,9.1
70,Zimbabwe,M,15-24,1,9.6
70,Zimbabwe,M,25-34,1,4.1
70,Zimbabwe,M,35-49,1,2.1
210,Zimbabwe,M,15-24,4,23.3
210,Zimbabwe,M,25-34,4,15.1
210,Zimbabwe,M,35-49,4,12.1
280,Zimbabwe,M,15-24,5,24.5
280,Zimbabwe,M,25-34,5,15.8
280,Zimbabwe,M,35-49,5,11.3
350,Zimbabwe,M,15-24,6,8.0
350,Zimbabwe,M,25-34,6,4.7
350,Zimbabwe,M,35-49,6,4.1
